ID;Ultima manutenção;REGIAO;DISTRITO;BAIRRO;TIPO;END;ULTIMAVISTORIA;VAZAO;SITUACAO;LAT;LONG;PROCESSO2014;DATAEXTRACAO;SABESP_POLOMANUT;SABESP_UGR;SABESP_UN
864;20/09/2021;LESTE;CIDADE TIRADENTES;CIDADE TIRADENTES;COLUNA;RUA ANTONIO CARLOS MINGUES LOPES DEFRONTE COM  A RUA CACHOEIRA DO SOL ;2022-04-08;SECO;INOPERANTE;-23.5808278644695;-46.3981487635126;0;2022-07-28;ITAQUERA;ITAQUERA;LESTE
2162;23/09/2021;OESTE;LAPA;LAPA;SUBTERRANEO;RUA ROMA ESQUINA COM A RUA SCIPIAO;2022-05-12;SECO;INOPERANTE;-23.5229303564173;-46.698991878141;0;2022-07-28;LAPA;JARDINS;CENTRO
10048;15/10/2021;NORTE;FREGUESIA DO Ó;FREGUESIA DO Ó;BICA;AVENIDA ITABERABA 166 NO INTERIO DO PREDIO DA SABESP;2022-04-06;SECO;INOPERANTE;-23.4995922532915;-46.6979750820566;0;2022-07-28;FREGUESIA DO Ó;FREGUESIA DO Ó;NORTE
734;20/10/2021;CENTRO;REPÚBLICA;SANTA IFIGÊNIA;SUBTERRANEO;RUA GENERAL OSORIO PROXIMO A ESQUINA COM A AVENIDA RIO BRANCO;2022-05-09;SECO;INOPERANTE;-23.5372459098607;-46.6415656937684;0;2022-07-28;SÉ;IPIRANGA;CENTRO
2099;20/10/2021;CENTRO;SÉ;PARQUE DOM PEDRO;SUBTERRANEO;RUA MAUA ESQUINA COM A ZVIELA AGUIAR ANDRADE;2022-05-09;FRACA;INOPERANTE;-23.5366610797681;-46.630846173976;0;2022-07-28;SÉ;IPIRANGA;CENTRO
2090;21/10/2021;CENTRO;SÉ;PARQUE DOM PEDRO;SUBTERRANEO;RUA PAULA SOUSA 208;2022-05-09;MÉDIA;POSSIVEL DE USO;-23.5383942087013;-46.6309741624948;0;2022-07-28;SÉ;IPIRANGA;CENTRO
3784;25/10/2021;SUL;MOEMA;BANDEIRANTES;BICA;ALAMEDA DOS ANAPURUS ESQUINA COM A AVENIDA DOS IMARES     SABESP    BICA DE ENCHIMENTO RAPIDO;2022-04-12;EXCELENTE;POSSIVEL DE USO;-23.613746738002;-46.6639611989843;1;2022-07-28;LAPA;JARDINS;CENTRO
3140;27/10/2021;LESTE;TATUAPÉ;PARQUE SÃO JORGE;COLUNA;RUA ANTONIO DE BARROS ESQUINA COM A  AVENIDA CELSO GARCIA;2021-12-09;MÉDIA;POSSIVEL DE USO;-23.531748668959;-46.5602549641901;1;2022-07-28;MOOCA;MOÓCA;CENTRO
3280;29/10/2021;LESTE;TATUAPÉ;GOMES CARDIM;SUBTERRANEO;RUA PLATINA ESQUINA COM RUA APUCARANA;2021-12-16;SECO;INOPERANTE;-23.5397054699448;-46.5650505192312;0;2022-07-28;MOOCA;MOÓCA;CENTRO
4284;29/10/2021;CENTRO;BELA VISTA;MASP;COLUNA;AVENIDA NOVE DE JULHO ESQUINA COM A RUA BARATA RIBEIRO;2021-12-23;SECO;INOPERANTE;-23.5559624575316;-46.6506586109628;1;2022-07-28;LAPA;JARDINS;CENTRO
5645;03/11/2021;CENTRO;BELA VISTA;TREZE DE MAIO;SUBTERRANEO;RUA PAIM 108;2022-06-26;SECO;INOPERANTE;-23.5548779148971;-46.649751863554;0;2022-07-28;LAPA;JARDINS;CENTRO
4375;04/11/2021;SUL;JABAQUARA;CIDADE VARGAS;SUBTERRANEO;AVENIDA ENGENHEIRO ARMANDO DE ARRUDA PEREIRA ESQUINA COM A RUA BOTELHO;2022-04-30;EXCELENTE;POSSIVEL DE USO;-23.6372230457679;-46.6410883339792;0;2022-07-28;SANTO AMARO;SANTO AMARO;SUL
15064;05/11/2021;NORTE;PERUS;PERUS;COLUNA;ESTRADA SAO PAULO JUNDIAI PROXIMO A ESQUINA COM A RUA FREI MARCOS DE LISBOA;2022-07-20;EXCELENTE;POSSIVEL DE USO;-23.4171751466907;-46.7559271275851;0;2022-07-28;PIRITUBA;PIRITUBA;NORTE
6735;09/11/2021;SUL;SANTO AMARO;CHÁCARA FLORA;SUBTERRANEO;RUA CANNA ESQUINA COM A RUA ALCATRAZES;2021-12-28;EXCELENTE;POSSIVEL DE USO;-23.6444114599383;-46.6804821486116;0;2022-07-28;SANTO AMARO;SANTO AMARO;SUL
1823;10/11/2021;LESTE;TATUAPÉ;PARQUE SÃO JORGE;SUBTERRANEO;AVENIDA CELSO GARCIA ESQUINA COM RUA ANTONIO  MARCEDO;2021-12-16;FRACA;INOPERANTE;-23.5327416250777;-46.5633723198046;0;2022-07-28;MOOCA;MOÓCA;CENTRO
897;11/11/2021;LESTE;CIDADE TIRADENTES;CIDADE TIRADENTES;COLUNA;RUA ROBERTO GARCIA MORILLO PROXIMO DA ESQUINA COM A RUA RICARDO DA COSTA;2022-04-26;SECO;INOPERANTE;-23.5861859996051;-46.392731;0;2022-07-28;ITAQUERA;ITAQUERA;LESTE
1920;11/11/2021;LESTE;BRÁS;BRÁS;COLUNA;RUA PIRATININGA ESQUINA COM A RUA CAMPO SALES;2022-05-22;MÉDIA;INOPERANTE;-23.5490642576173;-46.6185273415236;0;2022-07-28;SÉ;IPIRANGA;CENTRO
905;16/11/2021;LESTE;BRÁS;GASÔMETRO;COLUNA;RUA CORONEL FRANCISCO AMARO ESQUINA COM A AVENIDA RANGEL PESTANA;2022-04-29;SECO;INOPERANTE;-23.5436201278646;-46.618122292768;0;2022-07-28;SÉ;IPIRANGA;CENTRO
10049;16/11/2021;OESTE;VILA LEOPOLDINA;EMISSÁRIO;BICA;RUA MAJOR PALADINO 196 NO INTERIOR DO PREDIO DA SABESP ;2021-12-12;EXCELENTE;POSSIVEL DE USO;-23.5224692753999;-46.7404813280213;0;2022-07-28;LAPA;JARDINS;CENTRO
10050;17/11/2021;OESTE;JAGUARA;VILA JAGUARA;BICA;RUA PRESGRAVE DO AMARAL 636 NO INTERIOR DO PREDIO DA SABESP;2022-04-06;EXCELENTE;POSSIVEL DE USO;-23.5121000939368;-46.752622542247;0;2022-07-28;PIRITUBA;PIRITUBA;NORTE
3866;23/11/2021;SUL;SAÚDE;SAÚDE;COLUNA;AVENIDA JABAQUARA DEFRONTE A RUA PAN AMERICA;2022-02-10;SECO;INOPERANTE;-23.6255200068547;-46.6410265096191;0;2022-07-28;LAPA;JARDINS;CENTRO
2588;30/11/2021;CENTRO;SÉ;PARQUE DOM PEDRO;COLUNA;RUA CARLOS DE SOUSA NAZARE ESQUINA COM A RUA VINTE E CINCO DE MARCO;2022-06-24;EXCELENTE;INOPERANTE;-23.5407070851222;-46.6322761068382;1;2022-07-28;SÉ;IPIRANGA;CENTRO
2752;30/11/2021;CENTRO;BELA VISTA;TREZE DE MAIO;SUBTERRANEO;RUA SANTO ANTONIO ESQUINA COM A RUA SAO VICENTE;2021-12-19;FRACA;POSSIVEL DE USO;-23.5563345938893;-46.6481569799347;0;2022-07-28;LAPA;JARDINS;CENTRO
5614;01/12/2021;CENTRO;SANTA CECÍLIA;SANTA CECÍLIA;COLUNA;ALAMEDA BARAO DE PIRACICABA AO LADO DO POSTO DE BOMBEIRO CAMPOS ELISEOS;2022-07-18;EXCELENTE;POSSIVEL DE USO;-23.5351688085136;-46.641993030454;0;2022-07-28;SÉ;IPIRANGA;CENTRO
1756;09/12/2021;LESTE;TATUAPÉ;CHÁCARA DO PIQUERI;SUBTERRANEO;RUA SANTA CATARINA ESQUINA COM RUA SANTA VIRGINIA;2021-12-12;FRACA;POSSIVEL DE USO;-23.5309893767239;-46.5707223774606;0;2022-07-28;MOOCA;MOÓCA;CENTRO
4424;10/12/2021;LESTE;VILA PRUDENTE;VILA ZELINA;BICA;RUA PARAMU 716  SABESP BICO DE ENCHIMENTO RAPIDO;2022-04-30;EXCELENTE;POSSIVEL DE USO;-23.5945066642181;-46.5660516634094;0;2022-07-28;MOOCA;MOÓCA;CENTRO
1800;14/12/2021;OESTE;PINHEIROS;PINHEIROS;COLUNA;AVENIDA REBOUCAS EM FRENTE AO SHOPPING ELDORADO;2022-05-18;SECO;INOPERANTE;-23.5736712462371;-46.6959689241595;0;2022-07-28;LAPA;JARDINS;CENTRO
10057;17/12/2021;OESTE;JAGUARÉ;PARQUE CONTINENTAL;BICA;AVENIDA LEAO MACHADO NO INTERIOR DO PREDIO DA SABESP   BICA DE ENCHIMENTO RAPIDO;2021-12-29;EXCELENTE;POSSIVEL DE USO;-23.5486649263852;-46.7555139712345;0;2022-07-28;BUTANTA;BUTANTÃ;OESTE
5526;20/12/2021;LESTE;PONTE RASA;BURGO PAULISTA;COLUNA;ESTRADA DE MOGI DAS CRUZES ESQUINA COM A AVENIDA AGUIA DE HAIA;2022-01-21;EXCELENTE;POSSIVEL DE USO;-23.5168988553642;-46.4765750148237;0;2022-07-28;PENHA;SÃO MIGUEL PAULISTA;LESTE
2328;21/12/2021;SUL;MOEMA;PARQUE IBIRAPUERA;SUBTERRANEO;RUA DO LEAO DENTRO DO PARQUE IBIRAPUERA;2021-12-29;EXCELENTE;POSSIVEL DE USO;-23.5897335238805;-46.6540059550575;0;2022-07-28;LAPA;JARDINS;CENTRO
2755;22/12/2021;CENTRO;BELA VISTA;TREZE DE MAIO;SUBTERRANEO;RUA DOUTOR LUIS BARRETO ESQUINA COM A RUA SAO VICENTE;2021-12-24;SECO;INOPERANTE;-23.5563183006579;-46.6472920705375;0;2022-07-28;LAPA;JARDINS;CENTRO
1830;28/12/2021;LESTE;TATUAPÉ;PARQUE SÃO JORGE;SUBTERRANEO;RUA MELO PEIXOTO ESQUINA COM RUA VILELA;2022-01-17;MÉDIA;POSSIVEL DE USO;-23.5379464372545;-46.5671533717262;0;2022-07-28;MOOCA;MOÓCA;CENTRO
691;29/12/2021;CENTRO;CONSOLAÇÃO;VILA BUARQUE;COLUNA;RUA JAGUARIBE ESQUINA COM RUA DONA VERIDIANA;2022-07-27;SECO;INOPERANTE;-23.5417659839105;-46.6508103026909;0;2022-07-28;SÉ;IPIRANGA;CENTRO
1796;30/12/2021;LESTE;PONTE RASA;BURGO PAULISTA;SUBTERRANEO;RUA MANOEL BRAS FILHO ESQUINA COM A RUA SARGENTO IGUATEMI AZEVEDO;2022-01-24;SECO;INOPERANTE;-23.5184439659006;-46.4902010447545;0;2022-07-28;PENHA;SÃO MIGUEL PAULISTA;LESTE
4215;03/01/2022;SUL;SANTO AMARO;GRANJA JULIETA;SUBTERRANEO;TRAVESSA FRANCISCO VINAS NO FINAL DA RUA;2022-02-16;EXCELENTE;POSSIVEL DE USO;-23.6287715226843;-46.6932328330539;0;2022-07-28;SANTO AMARO;SANTO AMARO;SUL
200;06/01/2022;CENTRO;SÉ;SÉ;SUBTERRANEO;RUA QUINZE DE NOVEMBRO 233  EM FRENTE AO BANCO BRADESCO;2022-02-25;MÉDIA;POSSIVEL DE USO;-23.5469799053984;-46.6344176165656;0;2022-07-28;SÉ;IPIRANGA;CENTRO
1436;12/01/2022;LESTE;TATUAPÉ;GOMES CARDIM;SUBTERRANEO;RUA ITAPURA PROXIMO A RUA SANTE COLOMBARA;2022-01-17;MÉDIA;POSSIVEL DE USO;-23.551538480527;-46.5650660469851;0;2022-07-28;MOOCA;MOÓCA;CENTRO
4005;13/01/2022;SUL;MOEMA;BANDEIRANTES;COLUNA;ALAMEDA DOS GUARAMOMIS ESQUINA COM AVENIDA MIRUNA;2022-02-04;EXCELENTE;POSSIVEL DE USO;-23.6149379726256;-46.6610020937004;1;2022-07-28;LAPA;JARDINS;CENTRO
3254;14/01/2022;NORTE;VILA MARIA;PARQUE NOVO MUNDO;SUBTERRANEO;AVENIDA JOSE MARIA FERNANDES ESQUINA COM A RUA CABO JOSE DA SILVA;2022-01-22;EXCELENTE;POSSIVEL DE USO;-23.5156346311884;-46.5677721260367;0;2022-07-28;VILA MARIA;SANTANA;NORTE
10053;17/01/2022;NORTE;SÃO DOMINGOS;SÃO DOMINGOS;BICA;AVENIDA DO ANASTACIO 2421 NO INTERIOR DO PREDIO DA SABESP;2022-05-31;EXCELENTE;POSSIVEL DE USO;-23.4899204750915;-46.7378942682042;0;2022-07-28;PIRITUBA;PIRITUBA;NORTE
710;19/01/2022;NORTE;SANTANA;SANTA TEREZINHA;SUBTERRANEO;RUA GOULART DE ANDRADE 56;2021-10-25;MÉDIA;POSSIVEL DE USO;-23.4878030382887;-46.6354821612941;0;2022-07-28;SANTANA;SANTANA;NORTE
818;19/01/2022;LESTE;ERMELINO MATARAZZO;ERMELINO MATARAZZO;COLUNA;RUA ARLINDO BETTIO NO FINAL DA RUA SEM SAIDA;2021-12-17;;NÃO LOCALIZADO;-23.4845068154716;-46.4880754064278;0;2022-07-28;PENHA;SÃO MIGUEL PAULISTA;LESTE
1116;19/01/2022;NORTE;BRASILÂNDIA;JARDIM DAMASCENO;COLUNA;RUA AGENOR ALVES MEIRA 1 ESQUINA COM AVENIDA GENERAL PENHA BRASIL;2022-07-22;FRACA;INOPERANTE;-23.4582915984225;-46.6755006348576;0;2022-07-28;FREGUESIA DO Ó;FREGUESIA DO Ó;NORTE
3577;19/01/2022;NORTE;SANTANA;SANTA TEREZINHA;COLUNA;RUA VOLUNTARIOS DA PATRIA ESQUINA COM RUA AUGUSTO TOLLE;2022-04-04;SECO;INOPERANTE;-23.483211173171;-46.6318340402807;1;2022-07-28;SANTANA;SANTANA;NORTE
3601;19/01/2022;SUL;SACOMÃ;ANCHIETA;SUBTERRANEO;RUA FRANCISCO PEDROSO DE TOLEDO ESQUINA COM A RUA EUGENIO BELLOTO;2022-02-03;EXCELENTE;POSSIVEL DE USO;-23.6447810567088;-46.5871875648513;0;2022-07-28;SÉ;IPIRANGA;CENTRO
3610;19/01/2022;SUL;SACOMÃ;ANCHIETA;COLUNA;RUA  GIUSEPPE CRESPI 8 ESQUINA COM A RUA OLYMPIA SEMERO;2022-02-03;EXCELENTE;POSSIVEL DE USO;-23.6432245656139;-46.5950434797392;1;2022-07-28;SÉ;IPIRANGA;CENTRO
15060;19/01/2022;NORTE;CACHOEIRINHA;JARDIM PERI;COLUNA;RUA MINISTRO LINS DE BARROS DEFRONTE A RUA DOUTOR FRANCISCO EUGENIO DO AMARAL;2022-07-22;EXCELENTE;POSSIVEL DE USO;-23.455969301971;-46.6677601355216;0;2022-07-28;FREGUESIA DO Ó;FREGUESIA DO Ó;NORTE
250;20/01/2022;CENTRO;BELA VISTA;TREZE DE MAIO;SUBTERRANEO;RUA FORTALEZA ESQUINA COM A RUA RUI BARBOSA;2022-02-08;MÉDIA;POSSIVEL DE USO;-23.5597059077099;-46.6453937535264;0;2022-07-28;LAPA;JARDINS;CENTRO
5602;20/01/2022;CENTRO;CONSOLAÇÃO;VILA BUARQUE;COLUNA;RUA DONA ANTONIA DE QUEIROS 218 NO INTERIOR DO PREDIO DA SABESP;2022-02-10;SECO;POSSIVEL DE USO;-23.5513137747127;-46.6523809781128;0;2022-07-28;LAPA;JARDINS;CENTRO
1386;21/01/2022;OESTE;ALTO DE PINHEIROS;VILA BEATRIZ;SUBTERRANEO;RUA MADRE MARIA ANGELICA RESENDE ESQUINA COM A RUA BERNARDA LUIS;2022-03-04;;NÃO LOCALIZADO;-23.547030541271;-46.700075742173;0;2022-07-28;LAPA;JARDINS;CENTRO
2212;26/01/2022;OESTE;PERDIZES;PERDIZES;COLUNA;RUA DESEMBARGADOR DO VALE ESQUINA COM A RUA DIANA;2022-05-16;EXCELENTE;POSSIVEL DE USO;-23.5338599868242;-46.6819301569258;0;2022-07-28;LAPA;JARDINS;CENTRO
2290;26/01/2022;OESTE;PERDIZES;SUMARÉ;SUBTERRANEO;RUA AMBUAS 95;2022-06-28;EXCELENTE;POSSIVEL DE USO;-23.5383684592526;-46.6900214302648;0;2022-07-28;LAPA;JARDINS;CENTRO
1380;28/01/2022;LESTE;VILA MATILDE;FREI MONT ALVERNE;SUBTERRANEO;RUA CAPITAO JOSE LEITE ESQUINA COM RUA SEBASTIAO DE ANDRADE;2021-12-15;EXCELENTE;POSSIVEL DE USO;-23.5399138869574;-46.5292814742383;0;2022-07-28;ARTHUR ALVIM;ITAQUERA;LESTE
3321;02/02/2022;LESTE;VILA FORMOSA;JARDIM ANÁLIA FRANCO;COLUNA;RUA ALONSO CALHAMARES PROXIMO A RUA ARMINDO GUARANA;2021-10-14;EXCELENTE;POSSIVEL DE USO;-23.5545897990101;-46.566609988825;1;2022-07-28;MOOCA;MOÓCA;CENTRO
3329;02/02/2022;LESTE;VILA FORMOSA;JARDIM ANÁLIA FRANCO;SUBTERRANEO;AVENIDA GUILHERME COTCHING ESQUINA COM PRACA SANTO ANASTACIO;2021-12-16;;NÃO LOCALIZADO;-23.5624046166392;-46.5515885000855;0;2022-07-28;MOOCA;MOÓCA;CENTRO
3464;02/02/2022;LESTE;ARTUR ALVIM;CIDADE A.E.CARVALHO;COLUNA;RUA SONHO GAUCHO ESQUINA COM AVENIDA AGUIA DE HAIA;2022-02-05;EXCELENTE;POSSIVEL DE USO;-23.523967639883;-46.4753123721745;1;2022-07-28;PENHA;SÃO MIGUEL PAULISTA;LESTE
4326;02/02/2022;LESTE;VILA JACUÍ;LIMOEIRO;COLUNA;RUA MARINS DOS CAETES;2022-04-22;EXCELENTE;POSSIVEL DE USO;-23.510298833886;-46.4724488131261;1;2022-07-28;PENHA;SÃO MIGUEL PAULISTA;LESTE
1444;03/02/2022;LESTE;BELÉM;BELENZINHO;SUBTERRANEO;RUA MAJOR OTAVIANO ESQUINA COM A RUA VISCONDE DE PARNAIBA;2022-05-08;SECO;INOPERANTE;-23.5443290630067;-46.6042867650769;0;2022-07-28;SÉ;IPIRANGA;CENTRO
1591;03/02/2022;LESTE;MOOCA;ALTO DA MOOCA;COLUNA;RUA FERNANDO FALCAO ESQUINA COM A RUA DO ORATORIO;2022-03-10;SECO;INOPERANTE;-23.5647118669937;-46.5895914381526;0;2022-07-28;MOOCA;MOÓCA;CENTRO
1715;03/02/2022;LESTE;MOOCA;PARQUE DA MOOCA;SUBTERRANEO;RUA BORGES FIGUEIREDO ESQUINA COM A RUA VISCONDE DE INHOMERIM;2022-04-15;MÉDIA;POSSIVEL DE USO;-23.563998809318;-46.6040949599234;0;2022-07-28;MOOCA;MOÓCA;CENTRO
4223;03/02/2022;LESTE;CIDADE TIRADENTES;CIDADE TIRADENTES;COLUNA;RUA APOSTOLO ANDRE  ESQUINA COM A RUA EDUARDO SANCHES;2022-04-05;SECO;INOPERANTE;-23.5894879960826;-46.4012625681577;0;2022-07-28;ITAQUERA;ITAQUERA;LESTE
4351;03/02/2022;LESTE;SAPOPEMBA;TEOTÔNIO VILELA;COLUNA;AVENIDA ARQUITETO VILA NOVA ARTIGAS EM FRENTE AO POSTO DE BOMBEIROS SAPOPEMBA;2022-07-18;MÉDIA;POSSIVEL DE USO;-23.6064276970739;-46.5025764124568;0;2022-07-28;SÃO MATEUS;SÃO MATEUS;CENTRO
5252;03/02/2022;NORTE;SANTANA;ALFREDO PUJOL;SUBTERRANEO;RUA BENVINDA APARECIDA DE ABREU LEME 105;2022-05-25;;NÃO LOCALIZADO;-23.4982414073059;-46.6234282377138;0;2022-07-28;SANTANA;SANTANA;NORTE
4371;04/02/2022;SUL;JABAQUARA;JABAQUARA;SUBTERRANEO;RUA DOS BURTIS ESQUINA COM A AVENIDA DOS JEQUITIBAS;2022-04-26;EXCELENTE;POSSIVEL DE USO;-23.6463779681256;-46.6433945098291;0;2022-07-28;SANTO AMARO;SANTO AMARO;SUL
5649;04/02/2022;SUL;JABAQUARA;JABAQUARA;SUBTERRANEO;RUA CASSUARINAS 96 TRAVESSA RUA PARTICULAR FECHADA NO FINAL DELA;2022-05-19;FRACA;INOPERANTE;-23.6455757055915;-46.6436527669893;0;2022-07-28;SANTO AMARO;SANTO AMARO;SUL
46;08/02/2022;LESTE;ARICANDUVA;BARREIRA GRANDE;COLUNA;RUA RUFINO FERNANDES INIVARRI ESQUINA COM A RUA FREDERICO QUERCIA;2021-12-14;MÉDIA;POSSIVEL DE USO;-23.5880707848246;-46.5069229057617;1;2022-07-28;SÃO MATEUS;SÃO MATEUS;CENTRO
362;08/02/2022;SUL;JABAQUARA;JABAQUARA;SUBTERRANEO;AVENIDA ENGENHEIRO ARMANDO ARRUDA PEREIRA ESQUINA COM A RUA DAS BICUIBAS;2022-05-02;;NÃO LOCALIZADO;-23.6430504053802;-46.6415564292923;1;2022-07-28;SANTO AMARO;SANTO AMARO;SUL
824;08/02/2022;LESTE;SAPOPEMBA;TEOTÔNIO VILELA;COLUNA;RUA JAQUES NAUDE ACESSO A AVENIDA BARREIRA GRANDE;2022-02-26;EXCELENTE;POSSIVEL DE USO;-23.5896804070353;-46.508310578241;0;2022-07-28;SÃO MATEUS;SÃO MATEUS;CENTRO
829;08/02/2022;LESTE;ARICANDUVA;BARREIRA GRANDE;COLUNA;RUA FRANCISCO RIVA ENFRENTE A PRACA;2021-12-14;SECO;INOPERANTE;-23.5866507248729;-46.5075999440444;1;2022-07-28;SÃO MATEUS;SÃO MATEUS;CENTRO
2121;08/02/2022;OESTE;LAPA;LAPA;SUBTERRANEO;RUA CLEMENTE ALVARES ESQUINA COM A RUA NOSSA SENHORA DA LAPA;2022-04-03;EXCELENTE;POSSIVEL DE USO;-23.5212365639838;-46.7031009496206;0;2022-07-28;LAPA;JARDINS;CENTRO
3347;08/02/2022;LESTE;ITAQUERA;PARADA XV;COLUNA;RUA PROFESSOR LEONIDIO ALLEGRETI DEFRONTE A RUA SAO FRANCISCO DO PIAUI;2022-02-19;EXCELENTE;POSSIVEL DE USO;-23.5369407853435;-46.4426392814698;1;2022-07-28;ITAQUERA;ITAQUERA;LESTE
3568;08/02/2022;NORTE;SANTANA;ALFREDO PUJOL;COLUNA;RUA ANA LINS ESQUINA COM AVENIDA IMIRIM;2022-03-24;MÉDIA;POSSIVEL DE USO;-23.4980084252705;-46.642068903415;1;2022-07-28;SANTANA;SANTANA;NORTE
4330;08/02/2022;LESTE;JOSÉ BONIFÁCIO;JOSÉ BONIFÁCIO;COLUNA;RUA RIO IMBURANA PROXIMO DA ESQUINA COM A RUA VIRGINIA FERNI;2022-02-18;MÉDIA;POSSIVEL DE USO;-23.5469098656175;-46.4393918498444;0;2022-07-28;ITAQUERA;ITAQUERA;LESTE
1021;10/02/2022;LESTE;VILA FORMOSA;JARDIM ANÁLIA FRANCO;COLUNA;RUA NELLO BINI PROXIMO DA ESQUINA COM A RUA PROFESSOR JOAO DE OLIVEIRA TORRES;2021-12-16;SECO;INOPERANTE;-23.5573104327637;-46.5615424600137;1;2022-07-28;MOOCA;MOÓCA;CENTRO
2543;10/02/2022;CENTRO;CONSOLAÇÃO;CONSOLAÇÃO;SUBTERRANEO;RUA LUIS COELHO ESQUINA COM A RUA AUGUSTA;2022-02-10;EXCELENTE;POSSIVEL DE USO;-23.5570150765713;-46.6589652746869;0;2022-07-28;LAPA;JARDINS;CENTRO
3236;10/02/2022;NORTE;VILA MARIA;JARDIM JAPÃO;SUBTERRANEO;RUA KIOTO ESQUINA COM RUA CANHOEIRA MEARIM;2022-03-09;MÉDIA;POSSIVEL DE USO;-23.504420204787;-46.5800686995724;0;2022-07-28;VILA MARIA;SANTANA;NORTE
3238;10/02/2022;NORTE;VILA MARIA;JARDIM JAPÃO;SUBTERRANEO;RUA CANHONEIRA MEARIM DEFRONTE A BIFURCACAO COM AVENIDA ALBERTO BYINGTON;2022-02-15;MÉDIA;POSSIVEL DE USO;-23.5026837753483;-46.5801874073469;0;2022-07-28;VILA MARIA;SANTANA;NORTE
4036;10/02/2022;SUL;SANTO AMARO;GRANJA JULIETA;SUBTERRANEO;RUA DA PAZ ESQUINA COM A RUA ANTONIO JOSE BORGES;2022-02-11;FRACA;POSSIVEL DE USO;-23.6258216832778;-46.7084198888556;0;2022-07-28;SANTO AMARO;SANTO AMARO;SUL
5560;10/02/2022;NORTE;MANDAQUI;MANDAQUI;COLUNA;AVENIDA PARADA PINTO 3480 NO INTERIOR DO CONDOMINIO VITORIA REGIA II;2022-07-05;SECO;INOPERANTE;-23.4686097556343;-46.6370459392571;0;2022-07-28;FREGUESIA DO Ó;FREGUESIA DO Ó;NORTE
2021;11/02/2022;LESTE;BRÁS;JOÃO TEODORO;COLUNA;RUA MONSENHOR ANDRADE ESQUINA COM A RUA ELIZA WHITAKER;2022-07-19;SECO;INOPERANTE;-23.5361223443209;-46.6221409126197;0;2022-07-28;SÉ;IPIRANGA;CENTRO
3012;14/02/2022;LESTE;CARRÃO;VILA CARRÃO;SUBTERRANEO;PRACA COSTA LEAO ESQUINA COM A PRACA HAROLDO DALTRO DEFRONTE AO PORTAO DA EMEF;2021-10-14;SECO;INOPERANTE;-23.545817013437;-46.5318983914619;0;2022-07-28;MOOCA;MOÓCA;CENTRO
3325;14/02/2022;LESTE;CARRÃO;VILA CARRÃO;SUBTERRANEO;RUA LUTECIA ESQUINA COM A RUA GERALDO CORREA;2021-12-11;FRACA;INOPERANTE;-23.5562183422452;-46.5423859214464;0;2022-07-28;MOOCA;MOÓCA;CENTRO
3687;14/02/2022;SUL;SACOMÃ;MOINHO VELHO;COLUNA;RUA MARQUES DE MARICA  ENFRENTE A ESCADARIA DE ACESSO A VIA ANCHIETA;2022-02-22;SECO;INOPERANTE;-23.6077463195131;-46.5992371151873;0;2022-07-28;SÉ;IPIRANGA;CENTRO
247;16/02/2022;CENTRO;REPÚBLICA;LADEIRA DA MEMÓRIA;SUBTERRANEO;RUA FRANCISCA MIQUELINA ESQUINA COM A RUA GENEBRA;2022-02-24;FRACA;POSSIVEL DE USO;-23.5536645844734;-46.6396213333778;0;2022-07-28;SÉ;IPIRANGA;CENTRO
775;17/02/2022;CENTRO;SÉ;PARQUE DOM PEDRO;SUBTERRANEO;RUA PAULA SOUZA 286 PROXIMO DA ESQUINA COM A RUA BARAO DE DUPRAT;2022-05-12;;NÃO LOCALIZADO;-23.5385080980373;-46.6302289907004;0;2022-07-28;SÉ;IPIRANGA;CENTRO
898;17/02/2022;LESTE;BRÁS;JOÃO TEODORO;SUBTERRANEO;AVENIDA DO ESTADO ESQUINA COM A RUA SAO CAETANO;2022-04-19;MÉDIA;POSSIVEL DE USO;-23.535828071852;-46.625439378189;1;2022-07-28;SÉ;IPIRANGA;CENTRO
1702;17/02/2022;SUL;MOEMA;PARQUE IBIRAPUERA;SUBTERRANEO;INTERIOR DO PARQUE DO IBIRAPUERA;2022-04-18;MÉDIA;INOPERANTE;-23.5883103708881;-46.6629011516321;0;2022-07-28;LAPA;JARDINS;CENTRO
1704;17/02/2022;SUL;MOEMA;PARQUE IBIRAPUERA;SUBTERRANEO;INTERIOR DO PARQUE DO IBIRAPUERA;2022-04-28;MÉDIA;POSSIVEL DE USO;-23.5882965910646;-46.6593333256716;0;2022-07-28;LAPA;JARDINS;CENTRO
2428;17/02/2022;CENTRO;BOM RETIRO;LUZ;SUBTERRANEO;RUA JOAO TEODORO ESQUINA COM A RUA DUTRA RODRIGUES;2022-07-21;SECO;INOPERANTE;-23.5329708642131;-46.6312716003458;0;2022-07-28;SÉ;IPIRANGA;CENTRO
876;18/02/2022;LESTE;VILA PRUDENTE;VILA ZELINA;COLUNA;RUA RIO DUAS BARRAS 68 ESQUINA COM RUA VILA PRUDENTE;2022-02-19;EXCELENTE;POSSIVEL DE USO;-23.593645226238;-46.5828074712827;0;2022-07-28;MOOCA;MOÓCA;CENTRO
1730;18/02/2022;LESTE;MOOCA;PARQUE DA MOOCA;SUBTERRANEO;RUA SARAPUI ESQUINA COM A AVENIDA  HENRY FORD;2022-05-27;EXCELENTE;POSSIVEL DE USO;-23.5666131244396;-46.6021510196415;0;2022-07-28;MOOCA;MOÓCA;CENTRO
3276;18/02/2022;NORTE;VILA MARIA;PARQUE NOVO MUNDO;SUBTERRANEO;RUA SOLDADO JOSE VICENTE DE PAULA ESQUINA RUA CABO BASILIO ZEQUIM JUNIOR;2022-04-28;SECO;INOPERANTE;-23.5208850825598;-46.566507796178;0;2022-07-28;VILA MARIA;SANTANA;NORTE
2284;21/02/2022;OESTE;PINHEIROS;JARDIM EUROPA;SUBTERRANEO;RUA CAPITAO PRUDENTE ESQUINA COM A RUA SAMPAIO VIDAL;2022-03-13;EXCELENTE;POSSIVEL DE USO;-23.5695843971847;-46.6860751122789;0;2022-07-28;LAPA;JARDINS;CENTRO
5636;21/02/2022;LESTE;MOOCA;PARQUE DA MOOCA;SUBTERRANEO;RUA HENRY FORD 761;2022-05-26;MÉDIA;POSSIVEL DE USO;-23.5725641428222;-46.5994600680356;0;2022-07-28;MOOCA;MOÓCA;CENTRO
1958;22/02/2022;LESTE;BRÁS;ORIENTE;SUBTERRANEO;RUA SAMPSON ESQUINA COM A RUA MENDES JUNIOR;2020-09-05;EXCELENTE;POSSIVEL DE USO;-23.5376552569407;-46.6115971397316;0;2022-07-28;SÉ;IPIRANGA;CENTRO
16475;23/02/2022;LESTE;VILA FORMOSA;JARDIM ANÁLIA FRANCO;COLUNA;NO INTERIOR DO PARQUE CERET;2022-03-30;MÉDIA;POSSIVEL DE USO;-23.5564253517264;-46.5593384613633;0;2022-07-28;MOOCA;MOÓCA;CENTRO
2931;24/02/2022;CENTRO;REPÚBLICA;SANTA IFIGÊNIA;SUBTERRANEO;RUA RISKALLAH JORGE ESQUINA COM RUA  CAPITAO MOR JERONIMO LEITAO;2022-07-19;EXCELENTE;POSSIVEL DE USO;-23.5411885627959;-46.6354205434058;0;2022-07-28;SÉ;IPIRANGA;CENTRO
4230;24/02/2022;OESTE;RIO PEQUENO;JARDIM ADALGIZA;SUBTERRANEO;RUA EUSEBIO DE PAULA MARCONDES 493 DEFRONTE A RUA PAULO MARANHAO;2022-03-14;EXCELENTE;POSSIVEL DE USO;-23.5769891391932;-46.7760500943709;0;2022-07-28;BUTANTA;BUTANTÃ;OESTE
4043;25/02/2022;SUL;CAMPO LIMPO;PIRAJUSSARA;COLUNA;RUA MARIO NEME ESQUINA  COM A RUA ESTRADA DO CAMPO LIMPO;2022-03-27;SECO;INOPERANTE;-23.6280653239985;-46.7672164212014;1;2022-07-28;PIRAJUSSARA;BUTANTÃ;OESTE
4150;25/02/2022;SUL;JARDIM SÃO LUÍS;CENTRO EMPRESARIAL;SUBTERRANEO;RUA COMENDADOR ANTUNES DOS SANTOS ESQUINA COM A RUA DOUTOR ENZO SILVEIRA;2022-05-02;FRACA;INOPERANTE;-23.6705987459816;-46.7604236140957;0;2022-07-28;CAMPO LIMPO;GUARAPIRANGA;SUL
1006;28/02/2022;NORTE;SÃO DOMINGOS;JARDIM MUTINGA;COLUNA;RUA JOAO HENRIQUE DA SILVA ESQUINA COM A RUA ALLPAC;2022-04-25;EXCELENTE;POSSIVEL DE USO;-23.482917251644;-46.7649565779767;0;2022-07-28;PIRITUBA;PIRITUBA;NORTE
2492;28/02/2022;SUL;JARDIM SÃO LUÍS;GUARAPIRANGA;COLUNA;RUA JOSE SERRA ESQUINA COM A RUA ESTEVAO FERNANDES;2022-05-05;EXCELENTE;POSSIVEL DE USO;-23.6749965576968;-46.7408904702907;0;2022-07-28;CAMPO LIMPO;GUARAPIRANGA;SUL
4122;28/02/2022;SUL;CAPÃO REDONDO;PARQUE FERNANDA;COLUNA;RUA MIN MOACIR DO AMARAL SANTOS ESQUINA COM A ESTRADA DE ITAPECERICA;2022-04-23;;NÃO LOCALIZADO;-23.6793191498602;-46.7959456532986;1;2022-07-28;PIRAJUSSARA;BUTANTÃ;OESTE
4151;28/02/2022;SUL;CAPÃO REDONDO;CAPÃO REDONDO;COLUNA;RUA LORENZO MONACO DEFRONTE A RUA BENEDITO MATARAZZO;2022-04-26;EXCELENTE;POSSIVEL DE USO;-23.6621286254642;-46.7648037842872;0;2022-07-28;CAMPO LIMPO;GUARAPIRANGA;SUL
6668;28/02/2022;SUL;GRAJAÚ;VILA NATAL;COLUNA;RUA TRES PROXIMO A ESQUINA COM A RUA 6 DEFRONTE AO BLOCO B15;2022-06-30;EXCELENTE;POSSIVEL DE USO;-23.7529727204441;-46.7061722883562;0;2022-07-28;INTERLAGOS;INTERLAGOS;SUL
6741;28/02/2022;SUL;GRAJAÚ;COCAIA;SUBTERRANEO;RUA MAESTRO UMBERTO BASTIGLIA 200 DEFRONTE A RUA TAVAREDE;2022-06-29;MÉDIA;POSSIVEL DE USO;-23.747822719603;-46.678192;0;2022-07-28;INTERLAGOS;INTERLAGOS;SUL
10072;28/02/2022;SUL;PARELHEIROS;JACEGUAVA;COLUNA;AVENIDA SENADOR TEOTONIO VILELA 7900 NA CALCADA DO PB TEOTONIO VILELA;2022-07-20;EXCELENTE;POSSIVEL DE USO;-23.7661696518106;-46.7175089977358;0;2022-07-28;INTERLAGOS;INTERLAGOS;SUL
1081;01/03/2022;OESTE;LAPA;VILA ANASTÁCIO;SUBTERRANEO;RUA FORTUNATO FERAZ ESQUINA COM A RUA BARTOLOMEU BUENO;2022-03-10;EXCELENTE;POSSIVEL DE USO;-23.5171779538027;-46.7210618962459;0;2022-07-28;LAPA;JARDINS;CENTRO
1082;01/03/2022;OESTE;LAPA;VILA ANASTÁCIO;COLUNA;RUA CONSELHEIRO CANDIDO DE OLIVEIRA 92 DEFRONTE A RUA  FORTUNATO FERRAZ;2022-03-10;EXCELENTE;POSSIVEL DE USO;-23.517078164037;-46.7193547004467;0;2022-07-28;LAPA;JARDINS;CENTRO
527;02/03/2022;CENTRO;REPÚBLICA;SANTA IFIGÊNIA;SUBTERRANEO;LARGO PAISSANDU 132;2022-04-06;SECO;INOPERANTE;-23.5424835346863;-46.6378650131527;0;2022-07-28;SÉ;IPIRANGA;CENTRO
839;02/03/2022;OESTE;ALTO DE PINHEIROS;BOAÇAVA;COLUNA;RUA DOUTOR JOSE RODRIGUES ALVES SOBRINHO ESQUINA AVENIDA ARRUDA BOTELHO;2022-03-13;EXCELENTE;POSSIVEL DE USO;-23.5525054236865;-46.7192288343298;1;2022-07-28;LAPA;JARDINS;CENTRO
1156;02/03/2022;OESTE;VILA LEOPOLDINA;BELA ALIANÇA;SUBTERRANEO;RUA VISCONDE DE PELOTAS ESQUINA COM A RUA CURUPATTI;2022-03-24;FRACA;INOPERANTE;-23.5231373113015;-46.726439068832;0;2022-07-28;LAPA;JARDINS;CENTRO
1630;02/03/2022;OESTE;PERDIZES;PERDIZES;COLUNA;RUA COTOXO ESQUINA COM A RUA MINISTRO FERREIRA ALVES;2022-04-06;SECO;INOPERANTE;-23.5308098489699;-46.6838181469103;1;2022-07-28;LAPA;JARDINS;CENTRO
587;03/03/2022;CENTRO;REPÚBLICA;SANTA IFIGÊNIA;SUBTERRANEO;RUA AURORA ESQUINA COM A AVENIDA RIO BRANCO;2022-06-21;MÉDIA;POSSIVEL DE USO;-23.539720085379;-46.6397586325862;1;2022-07-28;SÉ;IPIRANGA;CENTRO
1133;03/03/2022;NORTE;LIMÃO;JARDIM PRIMAVERA;SUBTERRANEO;RUA DOS RODRIGUES ESQUINA COM RUA VENTURA RANGEL;2022-04-14;MÉDIA;POSSIVEL DE USO;-23.492064599676;-46.6839877994679;0;2022-07-28;FREGUESIA DO Ó;FREGUESIA DO Ó;NORTE
1336;03/03/2022;NORTE;PIRITUBA;PIRITUBA;SUBTERRANEO;RUA CORONEL BENTO BICUDO ESQUINA COM AVENIDA PAULA FERREIRA;2022-04-20;EXCELENTE;POSSIVEL DE USO;-23.502212058991;-46.7075234694697;0;2022-07-28;FREGUESIA DO Ó;FREGUESIA DO Ó;NORTE
1496;03/03/2022;LESTE;CARRÃO;VILA CALIFÓRNIA;SUBTERRANEO;RUA NOVA JERUSALEM ESQUINA COMA RUA PROFESSOR PEDREIRA DE FREITAS;2022-04-14;FRACA;INOPERANTE;-23.5491946693207;-46.5497467982268;0;2022-07-28;MOOCA;MOÓCA;CENTRO
3728;03/03/2022;NORTE;TREMEMBÉ;PARQUE PALMAS DO TREMEMBÉ;SUBTERRANEO;RUA AGOSTINHO SOARES ESQUINA COM AVENIDA NOVA CANTAREIRA;2022-07-17;EXCELENTE;POSSIVEL DE USO;-23.4559735539444;-46.6141985720684;0;2022-07-28;SANTANA;SANTANA;NORTE
1066;04/03/2022;OESTE;BARRA FUNDA;ÁGUA BRANCA;SUBTERRANEO;RUA BARAO DE TEFE ESQUINA COM A AVENIDA FRANCISCO MATARAZZO;2022-04-07;FRACA;INOPERANTE;-23.5262364305589;-46.6764818281838;0;2022-07-28;LAPA;JARDINS;CENTRO
2570;04/03/2022;NORTE;SANTANA;CARANDIRU;SUBTERRANEO;RUA VOLUNTARIOS DA PATRIA 1787 PROXIMO A ESQUINA COM A RUA DARZAN;2022-07-27;EXCELENTE;POSSIVEL DE USO;-23.5045408046132;-46.6265382170314;0;2022-07-28;SANTANA;SANTANA;NORTE
3220;04/03/2022;LESTE;VILA MATILDE;CIDADE PATRIARCA;SUBTERRANEO;RUA ODERCI BATISTA SOARES PROXIMO DA ESQUINA COM A RUA PEDRO MORCILLA FILHO;2022-06-24;MÉDIA;POSSIVEL DE USO;-23.5365481875294;-46.5102167599761;0;2022-07-28;ARTHUR ALVIM;ITAQUERA;LESTE
3286;04/03/2022;LESTE;VILA MATILDE;FREI MONT ALVERNE;SUBTERRANEO;RUA EDGAR DE SOUZA 346 PROXIMO A ESQUINA DA RUA JULIO COLACO;2021-10-08;EXCELENTE;POSSIVEL DE USO;-23.5370759050472;-46.543434668312;0;2022-07-28;PENHA;SÃO MIGUEL PAULISTA;LESTE
3289;04/03/2022;LESTE;PENHA;PENHA;SUBTERRANEO;RUA MAJOR ANGELO ZANCHI ESQUINA COM RUA DOUTOR JOAO RIBEIRO;2021-10-13;MÉDIA;POSSIVEL DE USO;-23.5259105722926;-46.5488013601959;0;2022-07-28;PENHA;SÃO MIGUEL PAULISTA;LESTE
3328;04/03/2022;LESTE;TATUAPÉ;PARQUE SÃO JORGE;COLUNA;AVENIDA CELSO GARCIA ESQUINA COM A RUA DO RETIRO;2021-10-13;EXCELENTE;POSSIVEL DE USO;-23.5305880533556;-46.5561032449684;1;2022-07-28;MOOCA;MOÓCA;CENTRO
1758;07/03/2022;LESTE;VILA MATILDE;FREI MONT ALVERNE;SUBTERRANEO;RUA EDGAR DE SOUZA ESQUINA COM A RUA TENENTE CORONEL SOARES NEIVA;2021-10-08;EXCELENTE;POSSIVEL DE USO;-23.5368161880795;-46.5421028562762;0;2022-07-28;PENHA;SÃO MIGUEL PAULISTA;LESTE
1781;07/03/2022;LESTE;CARRÃO;VILA CALIFÓRNIA;SUBTERRANEO;RUA LUCINDA GOMES BARRETO ESQUINA COM A RUA OSWALDO GOMES BARRETO;2022-05-20;SECO;INOPERANTE;-23.5458072878545;-46.5408998566692;0;2022-07-28;MOOCA;MOÓCA;CENTRO
3030;07/03/2022;LESTE;CARRÃO;VILA CALIFÓRNIA;COLUNA;RUA TAMAINDE ESQUINA COM A RUA BAQUIA;2021-10-14;MÉDIA;POSSIVEL DE USO;-23.5431767609901;-46.5370686174219;1;2022-07-28;MOOCA;MOÓCA;CENTRO
3193;07/03/2022;LESTE;VILA MATILDE;FREI MONT ALVERNE;SUBTERRANEO;RUA MOISES MARX ESQUINA COM RUA MONSENHOR FRANCISCO DE PAULA;2021-10-14;SECO;INOPERANTE;-23.5373122632878;-46.5396501511349;0;2022-07-28;PENHA;SÃO MIGUEL PAULISTA;LESTE
3143;08/03/2022;LESTE;ÁGUA RASA;ÁGUA RASA;SUBTERRANEO;AVENIDA VILA EMA ESQUINA COM RUA CAIRIRI;2022-03-12;EXCELENTE;POSSIVEL DE USO;-23.5813234769592;-46.5641607550016;0;2022-07-28;MOOCA;MOÓCA;CENTRO
3160;08/03/2022;LESTE;SÃO LUCAS;LINHAS CORRENTE;SUBTERRANEO;RUA SANTANA DO ARAGUAIA ESQUINA COM RUA JUCAS;2021-10-06;MÉDIA;POSSIVEL DE USO;-23.5840708167749;-46.5610526994746;0;2022-07-28;MOOCA;MOÓCA;CENTRO
3215;08/03/2022;LESTE;ÁGUA RASA;ÁGUA RASA;SUBTERRANEO;RUA PLACIDO DE CASTRO ESQUINA RUA JOAO TEIXEIRA DA SILVA;2021-10-05;MÉDIA;POSSIVEL DE USO;-23.5682273468892;-46.5635749280449;0;2022-07-28;MOOCA;MOÓCA;CENTRO
5;09/03/2022;OESTE;JARDIM PAULISTA;TRIANON;SUBTERRANEO;RUA DA CONSOLACAO ESQUINA COM A ALAMEDA SANTOS;2022-03-17;MÉDIA;POSSIVEL DE USO;-23.5567752380875;-46.6639440338647;0;2022-07-28;LAPA;JARDINS;CENTRO
2642;10/03/2022;OESTE;JARDIM PAULISTA;TRIANON;SUBTERRANEO;ALAMEDA ITU ESQUINA COM A RUA BELA CINTRA;2022-03-29;FRACA;INOPERANTE;-23.5592413123294;-46.6648092143886;1;2022-07-28;LAPA;JARDINS;CENTRO
2749;10/03/2022;OESTE;JARDIM PAULISTA;OSCAR FREIRE;SUBTERRANEO;ALAMEDA LORENA PROXIMO A ESQUINA COM A RUA BELA CINTRA;2022-03-29;EXCELENTE;POSSIVEL DE USO;-23.5621108355841;-46.6676707289175;0;2022-07-28;LAPA;JARDINS;CENTRO
2837;10/03/2022;CENTRO;REPÚBLICA;SANTA IFIGÊNIA;SUBTERRANEO;RUA DO BOTICARIO ESQUINA COM AVENIDA IPIRANGA;2022-05-12;MÉDIA;POSSIVEL DE USO;-23.5417092106575;-46.6393077198627;0;2022-07-28;SÉ;IPIRANGA;CENTRO
2491;14/03/2022;CENTRO;LIBERDADE;LIBERDADE;COLUNA;AVENIDA DA LIBERDADE ESQUINA COM A RUA JACEGUAI;2022-03-25;SECO;INOPERANTE;-23.5567525106653;-46.636553447185;1;2022-07-28;SÉ;IPIRANGA;CENTRO
1968;15/03/2022;LESTE;ITAIM PAULISTA;ITAIM PAULISTA;SUBTERRANEO;RUA ITAIM 667 DEFRONTE A PRACA CASA GRANDE E SENZALA;2022-03-18;EXCELENTE;POSSIVEL DE USO;-23.4940036186689;-46.3978602462422;0;2022-07-28;SÃO MIGUEL PAULISTA;SÃO MIGUEL PAULISTA;LESTE
2073;15/03/2022;LESTE;JARDIM HELENA;JARDIM HELENA;SUBTERRANEO;AVENIDA DOUTOR JOSE ARTUR DA NOVA PROXIMO A ESQUINA DA RUA CONCEICAO DE MINAS;2022-07-18;EXCELENTE;POSSIVEL DE USO;-23.4753793428865;-46.4247626281388;0;2022-07-28;SÃO MIGUEL PAULISTA;SÃO MIGUEL PAULISTA;LESTE
993;16/03/2022;LESTE;ARICANDUVA;BARREIRA GRANDE;COLUNA;RUA BACTORIA DEFRONTE COM A RUA SITIO DO SALTO;2021-12-14;EXCELENTE;POSSIVEL DE USO;-23.5747177283596;-46.5232346044185;0;2022-07-28;MOOCA;MOÓCA;CENTRO
1446;16/03/2022;LESTE;TATUAPÉ;GOMES CARDIM;SUBTERRANEO;RUA SERRA DE BOTUCATU ESQUINA COM A RUA APUCARANA;2022-05-05;SECO;INOPERANTE;-23.54297645593;-46.5644705888393;0;2022-07-28;MOOCA;MOÓCA;CENTRO
1453;16/03/2022;LESTE;TATUAPÉ;GOMES CARDIM;SUBTERRANEO;RUA SERRA DE BRAGANCA PROXIMO ZA  ESQUINA COM A RUA MONT SERRAT;2022-05-05;MÉDIA;POSSIVEL DE USO;-23.5437302988194;-46.5612024497862;0;2022-07-28;MOOCA;MOÓCA;CENTRO
1497;16/03/2022;LESTE;TATUAPÉ;GOMES CARDIM;SUBTERRANEO;RUA SERRA DE BRAGANCA ESQUINA COM A RUA ORIEL PEREIRA DO VALLE;2022-05-09;;NÃO LOCALIZADO;-23.5441200438918;-46.5632774137574;0;2022-07-28;MOOCA;MOÓCA;CENTRO
1699;16/03/2022;LESTE;ÁGUA RASA;ÁGUA RASA;SUBTERRANEO;RUA QUIXADA ESQUINA COM A RUA ARTHUR BERNARDE;2021-12-12;MÉDIA;POSSIVEL DE USO;-23.5659724446317;-46.5666752770543;0;2022-07-28;MOOCA;MOÓCA;CENTRO
3333;16/03/2022;LESTE;ÁGUA RASA;ÁGUA RASA;SUBTERRANEO;AVENIDA SAPOPEMBA ESQUINA COM A RUA DOUTOR GABRIEL DE REZENDE;2022-02-17;MÉDIA;POSSIVEL DE USO;-23.57284902805;-46.5614846275009;0;2022-07-28;MOOCA;MOÓCA;CENTRO
15220;16/03/2022;LESTE;ARICANDUVA;ARICANDUVA;COLUNA;RUA INCONFIDENCIA MINEIRA ESQUINA COM A RUA PETROBRAS;2021-12-09;MÉDIA;POSSIVEL DE USO;-23.5740213768277;-46.5132723307105;0;2022-07-28;MOOCA;MOÓCA;CENTRO
1017;17/03/2022;LESTE;TATUAPÉ;GOMES CARDIM;COLUNA;RUA EMILIA MARENGO ESQUINA COM A RUA NESTOR DE BARROS;2022-04-14;MÉDIA;POSSIVEL DE USO;-23.5549068038951;-46.5585925375895;1;2022-07-28;MOOCA;MOÓCA;CENTRO
1555;17/03/2022;LESTE;VILA MATILDE;VILA MATILDE;SUBTERRANEO;RUA DONA MATILDE ESQUINA COM RUA JOSE MANUEL DA FONSECA JUNIOR;2022-05-27;EXCELENTE;POSSIVEL DE USO;-23.5350320550015;-46.5255606747435;0;2022-07-28;ARTHUR ALVIM;ITAQUERA;LESTE
3025;17/03/2022;LESTE;VILA MATILDE;VILA MATILDE;SUBTERRANEO;RUA JOSE MASCARENHAS ESQUINA COM A RUA AMARO BEZERRA CAVALCANTI;2022-05-27;EXCELENTE;POSSIVEL DE USO;-23.5370171742754;-46.5215196902909;0;2022-07-28;ARTHUR ALVIM;ITAQUERA;LESTE
4343;17/03/2022;LESTE;TATUAPÉ;TATUAPÉ;SUBTERRANEO;RUA IPIGUA 238 DEFRONTE A PRACA ALBERTINA NATEL;2021-10-14;MÉDIA;POSSIVEL DE USO;-23.5490653471723;-46.575807922141;0;2022-07-28;MOOCA;MOÓCA;CENTRO
3487;18/03/2022;NORTE;VILA MARIA;JARDIM JAPÃO;SUBTERRANEO;RUA JOAQUIM FONSECA SARAIVA FILHO 316 ESQUINA COM AVENIDA CONCEICAO;2022-04-01;EXCELENTE;POSSIVEL DE USO;-23.4976771334068;-46.5748278224522;0;2022-07-28;VILA MARIA;SANTANA;NORTE
5593;18/03/2022;NORTE;PERUS;PERUS;SUBTERRANEO;RUA ANTONIO DE PADUA DIAS 258 ESQUINA COM A RUA ESTEVAN RIBEIRO RESENDE;2022-07-20;EXCELENTE;POSSIVEL DE USO;-23.4024940147796;-46.7483522649855;0;2022-07-28;PIRITUBA;PIRITUBA;NORTE
6673;18/03/2022;SUL;PARELHEIROS;PARELHEIROS;SUBTERRANEO;RUA COLONIA ALEMA 41;2022-03-23;EXCELENTE;INOPERANTE;-23.8485515037536;-46.6977333283123;0;2022-07-28;INTERLAGOS;INTERLAGOS;SUL
6674;18/03/2022;SUL;PARELHEIROS;PARELHEIROS;SUBTERRANEO;RUA ALBERTO SALEZA 93 ESQUINA COM A RUA BOA VISTA;2022-05-02;SECO;POSSIVEL DE USO;-23.8243982843801;-46.7294078227133;0;2022-07-28;INTERLAGOS;INTERLAGOS;SUL
1029;21/03/2022;LESTE;ÁGUA RASA;VILA BERTIOGA;COLUNA;AVENIDA SAPOPEMBA 1829 PROXIMO RUA TOCANDIRA;2022-05-09;EXCELENTE;POSSIVEL DE USO;-23.5712351936526;-46.5696979956751;1;2022-07-28;MOOCA;MOÓCA;CENTRO
3130;21/03/2022;LESTE;ÁGUA RASA;ÁGUA RASA;SUBTERRANEO;RUA PADRE MAURICIO ESQUINA COM A RUA VILELA;2021-12-12;FRACA;INOPERANTE;-23.5708643104358;-46.562057597836;0;2022-07-28;MOOCA;MOÓCA;CENTRO
3166;21/03/2022;LESTE;MOOCA;PARQUE DA MOOCA;SUBTERRANEO;RUA AGOSTINHO LATARI  DEFRONTE A RUA QUARITERE;2022-04-15;EXCELENTE;POSSIVEL DE USO;-23.5774098939771;-46.5923773309337;0;2022-07-28;MOOCA;MOÓCA;CENTRO
3206;21/03/2022;LESTE;MOOCA;PARQUE DA MOOCA;COLUNA;RUA COMENDADOR ROBERTO UGOLINI ESQUINA COM A RUA JUVENTUS;2022-05-27;EXCELENTE;POSSIVEL DE USO;-23.5732097779483;-46.5886933998352;1;2022-07-28;MOOCA;MOÓCA;CENTRO
3803;21/03/2022;NORTE;CACHOEIRINHA;JARDIM PERI;SUBTERRANEO;RUA ANDUIA ESQUINA COM AVENIDA ANTONIA MARTINS;2022-07-20;SECO;INOPERANTE;-23.4627981697343;-46.6566207544753;0;2022-07-28;FREGUESIA DO Ó;FREGUESIA DO Ó;NORTE
4262;21/03/2022;OESTE;PINHEIROS;PINHEIROS;SUBTERRANEO;RUA IBIANOPOLIS 121  NA CALCADA DO SHOPPING ELDORADO;2022-03-22;EXCELENTE;POSSIVEL DE USO;-23.5722875222969;-46.6949859634185;0;2022-07-28;LAPA;JARDINS;CENTRO
6707;21/03/2022;SUL;VILA ANDRADE;PARAISÓPOLIS;SUBTERRANEO;RUA HEITOR PORTUGAL 353;2022-05-26;;NÃO LOCALIZADO;-23.6192491717123;-46.7120781523288;0;2022-07-28;BUTANTA;BUTANTÃ;OESTE
815;22/03/2022;LESTE;CIDADE TIRADENTES;SANTA ETELVINA;COLUNA;RUA RENE TOLEDO (EM FRENTE A EMEI ELISA KAUFFMAN);2022-04-10;SECO;INOPERANTE;-23.6029021243524;-46.4041536449108;1;2022-07-28;ITAQUERA;ITAQUERA;LESTE
3137;22/03/2022;LESTE;TATUAPÉ;PARQUE SÃO JORGE;SUBTERRANEO;RUA DOUTOR ANGELO VITA ESQUINA COM A AVENIDA CELSO GARCIA;2022-03-30;SECO;INOPERANTE;-23.5340425467088;-46.5665038317772;0;2022-07-28;MOOCA;MOÓCA;CENTRO
3380;22/03/2022;LESTE;ITAQUERA;RIO VERDE;SUBTERRANEO;RUA CRISTOVAO ALVES ESQUINA COM A RUA CAROLINA FONSECA;2022-04-01;SECO;INOPERANTE;-23.5308123238172;-46.4548575862127;0;2022-07-28;ITAQUERA;ITAQUERA;LESTE
4121;22/03/2022;SUL;CAPÃO REDONDO;PARQUE FERNANDA;COLUNA;TRAVESSA DA REPLICA PROXIMO A RUA TERRA PORTUGALENSE;2022-07-24;EXCELENTE;POSSIVEL DE USO;-23.665357883848;-46.7942846667896;1;2022-07-28;PIRAJUSSARA;BUTANTÃ;OESTE
5382;23/03/2022;CENTRO;SÉ;SÉ;SUBTERRANEO;RUA TABATINGUERA ESQUINA COM A RUA FREDERICO ALVARENGA;2022-05-05;SECO;INOPERANTE;-23.5520513716134;-46.6277838943159;0;2022-07-28;SÉ;IPIRANGA;CENTRO
6679;23/03/2022;OESTE;ALTO DE PINHEIROS;VILA BEATRIZ;SUBTERRANEO;RUA JUBIABA 185;2022-06-25;SECO;INOPERANTE;-23.5547399098466;-46.698424299058;0;2022-07-28;LAPA;JARDINS;CENTRO
836;24/03/2022;LESTE;CIDADE TIRADENTES;SANTA ETELVINA;COLUNA;RUA RENE TOLEDO 09 (PROX. AV METALURGICO);2022-04-16;MÉDIA;INOPERANTE;-23.5997077973136;-46.4014488011659;1;2022-07-28;ITAQUERA;ITAQUERA;LESTE
907;24/03/2022;LESTE;CIDADE TIRADENTES;SANTA ETELVINA;COLUNA;RUA EDUARDO SANCHEZ 1319;2022-07-15;SECO;INOPERANTE;-23.595569999605;-46.39968;1;2022-07-28;ITAQUERA;ITAQUERA;LESTE
948;24/03/2022;LESTE;CIDADE TIRADENTES;SANTA ETELVINA;COLUNA;RUA DOS TEXTEIS 2643 ESQUINA COM A RUA VARZEA NOVA;2022-07-15;SECO;INOPERANTE;-23.593779999605;-46.395899;1;2022-07-28;ITAQUERA;ITAQUERA;LESTE
957;24/03/2022;LESTE;CIDADE TIRADENTES;SANTA ETELVINA;COLUNA;RUA CRISTIANO LOBE EMFRENTE A PRACA PROFESSOR JOSE R DOS SANTOS;2022-04-19;SECO;INOPERANTE;-23.5916634279249;-46.3992118548785;1;2022-07-28;ITAQUERA;ITAQUERA;LESTE
1003;24/03/2022;LESTE;CIDADE TIRADENTES;CIDADE TIRADENTES;COLUNA;RUA NASCER DO SOL PROXIMO A ESQUINA COM RUA IGARAPE CAJUEIRO;2022-07-20;FRACA;INOPERANTE;-23.5970182106612;-46.4124574220856;0;2022-07-28;ITAQUERA;ITAQUERA;LESTE
6712;24/03/2022;SUL;SANTO AMARO;GRANJA JULIETA;SUBTERRANEO;RUA COMENDADOR JOAQUIM GOMES DE OLIVEIRA 21;2022-03-01;;NÃO LOCALIZADO;-23.6327023148307;-46.6944118682295;0;2022-07-28;SANTO AMARO;SANTO AMARO;SUL
6779;24/03/2022;LESTE;CIDADE TIRADENTES;CIDADE TIRADENTES;COLUNA;RUA NASCER DO SOL PROXIMO DA ESQUINA COM A RUA DOM MARCOS BARBOSA;2022-04-20;SECO;INOPERANTE;-23.5898646763978;-46.4128201010953;1;2022-07-28;ITAQUERA;ITAQUERA;LESTE
14929;24/03/2022;LESTE;CIDADE TIRADENTES;CIDADE TIRADENTES;COLUNA;RUA IGARAPE AGUA AZUL SN ;2022-07-20;SECO;INOPERANTE;-23.5959530750463;-46.4115344995776;0;2022-07-28;ITAQUERA;ITAQUERA;LESTE
3772;25/03/2022;SUL;JABAQUARA;JARDIM BOM CLIMA;SUBTERRANEO;RUA ANTONIO DA SILVA PORTO ESQUINA COM A RUA DOUTOR JORGE RUBENS NEIVA DE CAMARGO;2022-05-20;EXCELENTE;POSSIVEL DE USO;-23.6653525009259;-46.6473963943229;0;2022-07-28;SANTO AMARO;SANTO AMARO;SUL
16494;25/03/2022;NORTE;JARAGUÁ;PARADA DE TAIPAS;SUBTERRANEO;RUA JOAN BROSSA ESQUINA COM A RUA BARBOSA LIMA SOBRINHO;2022-03-29;EXCELENTE;POSSIVEL DE USO;-23.4389420654079;-46.7463158756461;0;2022-07-28;PIRITUBA;PIRITUBA;NORTE
784;28/03/2022;CENTRO;SANTA CECÍLIA;SANTA CECÍLIA;SUBTERRANEO;ALAMEDA CLEVELAND ESQUINA COM ALAMEDA NOTHMANN;2021-11-29;SECO;INOPERANTE;-23.5306121471223;-46.6428021611855;0;2022-07-28;SÉ;IPIRANGA;CENTRO
1628;28/03/2022;OESTE;PERDIZES;PERDIZES;COLUNA;RUA COTOXO ESQUINA COM A RUA PADRE CHICO;2022-05-25;EXCELENTE;POSSIVEL DE USO;-23.5295545675551;-46.6829129332585;1;2022-07-28;LAPA;JARDINS;CENTRO
3051;28/03/2022;NORTE;VILA GUILHERME;VILA GUILHERME;COLUNA;RUA AMADEU ESQUINA COM A TRAVESSA MANOEL PRETO;2022-04-28;EXCELENTE;POSSIVEL DE USO;-23.5173064764058;-46.5966606593415;0;2022-07-28;VILA MARIA;SANTANA;NORTE
2152;29/03/2022;OESTE;PINHEIROS;VILA MADALENA;SUBTERRANEO;RUA CRISTOVAO DE BURGOS ESQUINA COM RUA HEITOR PENTEADO;2022-06-15;SECO;INOPERANTE;-23.5457065305014;-46.6919014839736;0;2022-07-28;LAPA;JARDINS;CENTRO
2239;29/03/2022;OESTE;PERDIZES;SUMARÉ;SUBTERRANEO;AVENIDA DOUTOR ARNALDO 1844;2022-05-12;EXCELENTE;POSSIVEL DE USO;-23.5486195129946;-46.6805541084056;0;2022-07-28;LAPA;JARDINS;CENTRO
2965;30/03/2022;LESTE;CANGAIBA;ESTAÇÃO ENG. GOULART;SUBTERRANEO;RUA FLORESTA AZUL DEFRONTE COM RUA PASSIRA;2021-12-17;;NÃO LOCALIZADO;-23.50155937914;-46.5059002039774;0;2022-07-28;PENHA;SÃO MIGUEL PAULISTA;LESTE
3247;30/03/2022;LESTE;VILA MATILDE;CIDADE PATRIARCA;SUBTERRANEO;RUA GIL RIBEIRO ESQUINA COM RUA PINTO MONTEIRO;2022-04-26;MÉDIA;POSSIVEL DE USO;-23.5339498036044;-46.5153421167002;0;2022-07-28;ARTHUR ALVIM;ITAQUERA;LESTE
3279;30/03/2022;LESTE;VILA MATILDE;CIDADE PATRIARCA;SUBTERRANEO;RUA PORTO DA FOLHA 305 DEFRONTE A ESQUINA DAS RUAS LUZILANDIA E CAMPO MAIOR;2022-01-12;SECO;INOPERANTE;-23.5332926098602;-46.5012950756248;0;2022-07-28;ARTHUR ALVIM;ITAQUERA;LESTE
3502;30/03/2022;LESTE;JARDIM HELENA;JARDIM HELENA;SUBTERRANEO;RUA DOS ALGODOEIROS PROXIMO DA ESQUINA DA RUA DOS MURURES;2022-04-16;SECO;INOPERANTE;-23.4778106852508;-46.4216056705474;0;2022-07-28;SÃO MIGUEL PAULISTA;SÃO MIGUEL PAULISTA;LESTE
3979;30/03/2022;NORTE;JARAGUÁ;PARADA DE TAIPAS;COLUNA;AVENIDA NELSOM PALMA TRAVASSOS PROXIMO DA ESQUINA DA AVENIDA RAIMUNDO PEREIRA DE MAGALHAES;2022-07-28;EXCELENTE;POSSIVEL DE USO;-23.438675168407;-46.7219495701977;1;2022-07-28;PIRITUBA;PIRITUBA;NORTE
6695;30/03/2022;SUL;MOEMA;PARQUE IBIRAPUERA;SUBTERRANEO;ALAMEDA DOS ANOS DOURADOS NO INTERIOR DO PARQUE IBIRAPUERA;2022-06-13;MÉDIA;POSSIVEL DE USO;-23.5803672591982;-46.6612088954297;0;2022-07-28;LAPA;JARDINS;CENTRO
1500;31/03/2022;LESTE;TATUAPÉ;GOMES CARDIM;SUBTERRANEO;RUA FRANCISCO MARENGO DEFRONTE A RUA  CORTA VENTO;2021-10-09;MÉDIA;POSSIVEL DE USO;-23.5490912362689;-46.5573235092178;0;2022-07-28;MOOCA;MOÓCA;CENTRO
1638;31/03/2022;LESTE;CARRÃO;VILA CALIFÓRNIA;SUBTERRANEO;RUA AZEVEDO SOARES ESQUINA COM A RUA NOVA JERUSALEM;2022-04-14;FRACA;POSSIVEL DE USO;-23.5467551959195;-46.5493893571628;0;2022-07-28;MOOCA;MOÓCA;CENTRO
2042;31/03/2022;LESTE;SÃO MATEUS;SÃO MATEUS;SUBTERRANEO;RUA LUIS ROSSETTI ESQUINA COM A RUA DOMIZIANO ROSSI;2022-04-19;MÉDIA;POSSIVEL DE USO;-23.6011781618804;-46.474253229361;0;2022-07-28;SÃO MATEUS;SÃO MATEUS;CENTRO
15071;31/03/2022;SUL;PEDREIRA;PEDREIRA;COLUNA;RUA ALBINO BENTO DEFRONTE A RUA DOS ROBALOS;2021-09-23;EXCELENTE;POSSIVEL DE USO;-23.7029873274657;-46.6466038851627;0;2022-07-28;SANTO AMARO;SANTO AMARO;SUL
15072;31/03/2022;SUL;PEDREIRA;PEDREIRA;COLUNA;AVENIDA DAS GAROUPAS ESQUINA COM A RUA DOS MANDUBIS;2021-09-23;EXCELENTE;POSSIVEL DE USO;-23.7026945375974;-46.6500825657436;0;2022-07-28;SANTO AMARO;SANTO AMARO;SUL
705;01/04/2022;LESTE;BRÁS;JOÃO TEODORO;COLUNA;RUA ORIENTE ESQUINA COM A RUA MILER;2022-04-13;SECO;INOPERANTE;-23.5380607836117;-46.6178515634605;1;2022-07-28;SÉ;IPIRANGA;CENTRO
1802;01/04/2022;NORTE;LIMÃO;VILA SANTA MARIA;SUBTERRANEO;RUA JOAO SERRANO ESQUINA COM RUA BRIGADEIRO XAVIER DE BRITO;2022-04-08;SECO;INOPERANTE;-23.5029467705059;-46.6680692452491;0;2022-07-28;FREGUESIA DO Ó;FREGUESIA DO Ó;NORTE
1985;01/04/2022;LESTE;BELÉM;CELSO GARCIA;SUBTERRANEO;RUA BRESSER ESQUINA COM A RUA MAJOR MARCELINO;2021-12-15;SECO;INOPERANTE;-23.5355413961545;-46.6102239049233;0;2022-07-28;SÉ;IPIRANGA;CENTRO
2029;01/04/2022;LESTE;BRÁS;ORIENTE;SUBTERRANEO;RUA ORIENTE ESQUINA COM A RUA CASEMIRO DE ABREU;2022-04-13;SECO;INOPERANTE;-23.5376387043797;-46.615240573636;0;2022-07-28;SÉ;IPIRANGA;CENTRO
2958;01/04/2022;LESTE;MOOCA;ORFANATO;SUBTERRANEO;RUA AGOSTINHO LATTARI ESQUINA COM A RUA CAP PACHECO CHAVES;2022-05-26;EXCELENTE;POSSIVEL DE USO;-23.5819022996052;-46.5901796999998;0;2022-07-28;MOOCA;MOÓCA;CENTRO
790;04/04/2022;LESTE;PARI;PARI;SUBTERRANEO;RUA SILVA TELES ESQUINA COM A RUA CACHOEIRA;2022-01-02;FRACA;POSSIVEL DE USO;-23.5297465555333;-46.6104776670734;0;2022-07-28;SÉ;IPIRANGA;CENTRO
998;04/04/2022;LESTE;BELÉM;CELSO GARCIA;SUBTERRANEO;RUA SANTA RITA ESQUINA COM A RUA BRESSER;2021-12-13;MÉDIA;POSSIVEL DE USO;-23.5336042753762;-46.6124600100959;0;2022-07-28;SÉ;IPIRANGA;CENTRO
1353;04/04/2022;LESTE;BELÉM;CELSO GARCIA;SUBTERRANEO;RUA JOAO BOEMER ESQUINA COM A RUA SOUZA CALDAS;2022-03-24;EXCELENTE;POSSIVEL DE USO;-23.5333362812391;-46.6109752825594;0;2022-07-28;SÉ;IPIRANGA;CENTRO
1737;04/04/2022;LESTE;CARRÃO;VILA CARRÃO;SUBTERRANEO;RUA ASTARTE ESQUINA COM A RUA RANCHARIA;2021-12-09;SECO;INOPERANTE;-23.5503993177808;-46.5252639066788;0;2022-07-28;MOOCA;MOÓCA;CENTRO
1954;04/04/2022;LESTE;MOOCA;MOOCA;COLUNA;RUA VISCONDE DE PARNAIBA PROXIMO A ESQUINA DA RUA  DOUTOR ALMEIDA LIMA;2022-06-19;EXCELENTE;POSSIVEL DE USO;-23.5485215495356;-46.6124023370933;0;2022-07-28;MOOCA;MOÓCA;CENTRO
1984;04/04/2022;LESTE;BELÉM;CELSO GARCIA;SUBTERRANEO;RUA JOAO BOEMER ESQUINA COM ALMIRANTE BARROSO;2022-03-24;MÉDIA;POSSIVEL DE USO;-23.5340302676518;-46.6098255735199;0;2022-07-28;SÉ;IPIRANGA;CENTRO
2942;04/04/2022;CENTRO;REPÚBLICA;SANTA IFIGÊNIA;COLUNA;RUA CONSELHEIRO NEBIAS ESQUINA COM A RUA AURORA;2021-12-22;SECO;INOPERANTE;-23.5406760367513;-46.641522756732;1;2022-07-28;SÉ;IPIRANGA;CENTRO
26;05/04/2022;CENTRO;BELA VISTA;MASP;COLUNA;AVENIDA NOVE DE JULHO 2029 PROXIMO A ESQUINA COM A RUA PROFESSOR PICAROLLO;2022-04-23;EXCELENTE;POSSIVEL DE USO;-23.5590491144118;-46.6539294895882;0;2022-07-28;LAPA;JARDINS;CENTRO
553;05/04/2022;CENTRO;SANTA CECÍLIA;SANTA CECÍLIA;SUBTERRANEO;ALAMEDA NOTHMANN ESQUINA COM A RUA ADOLFO GORDO;2022-05-17;MÉDIA;POSSIVEL DE USO;-23.5343202387059;-46.6490386213823;0;2022-07-28;SÉ;IPIRANGA;CENTRO
556;05/04/2022;CENTRO;BOM RETIRO;LUZ;SUBTERRANEO;RUA ANHAIA ESQUINA COM A RUA SILVA PINTO;2022-07-18;EXCELENTE;POSSIVEL DE USO;-23.529767826909;-46.641905297912;0;2022-07-28;SÉ;IPIRANGA;CENTRO
780;05/04/2022;LESTE;BELÉM;CELSO GARCIA;SUBTERRANEO;RUA SANTA RITA ESQUINA COM A RUA RIO BONITO;2021-12-11;SECO;INOPERANTE;-23.5318147259584;-46.610617956964;0;2022-07-28;SÉ;IPIRANGA;CENTRO
793;05/04/2022;CENTRO;SANTA CECÍLIA;MARECHAL DEODORO;COLUNA;RUA CONSELHEIRO BROTERO ESQUINA COM A RUA BARRA FUNDA;2022-07-18;EXCELENTE;POSSIVEL DE USO;-23.5296613096446;-46.6564837269051;1;2022-07-28;SÉ;IPIRANGA;CENTRO
1587;05/04/2022;LESTE;BELÉM;CELSO GARCIA;COLUNA;RUA SANTA CLARA ESQUINA COM A RUA RIO BONITO;2022-04-17;EXCELENTE;POSSIVEL DE USO;-23.5348492003632;-46.6068980754085;0;2022-07-28;SÉ;IPIRANGA;CENTRO
506;06/04/2022;CENTRO;REPÚBLICA;SANTA IFIGÊNIA;COLUNA;AVENIDA SENADOR QUEIROS ESQUINA COM A RUA BRIGADEIRO TOBIAS;2021-12-28;MÉDIA;POSSIVEL DE USO;-23.5393590451828;-46.6348808370615;0;2022-07-28;SÉ;IPIRANGA;CENTRO
933;06/04/2022;LESTE;CIDADE TIRADENTES;CIDADE TIRADENTES;COLUNA;RUA EDSON DANILO DOTTO 403;2022-04-16;MÉDIA;INOPERANTE;-23.5912225089885;-46.4116635867499;1;2022-07-28;ITAQUERA;ITAQUERA;LESTE
1887;07/04/2022;SUL;IPIRANGA;VILA MONUMENTO;SUBTERRANEO;RUA BENTO VIEIRA ESQUINA COM A RUA LEAIS PAULISTANOS;2022-05-10;MÉDIA;POSSIVEL DE USO;-23.5783524674873;-46.6035923188601;0;2022-07-28;SÉ;IPIRANGA;CENTRO
3675;07/04/2022;SUL;CIDADE ADEMAR;JARDIM MIRIAM;SUBTERRANEO;AVENIDA CUPECE ESQUINA COM RUA FRANCISCO ALVES DE AZEVEDO;2022-05-05;EXCELENTE;POSSIVEL DE USO;-23.6777429899068;-46.6412271864349;0;2022-07-28;SANTO AMARO;SANTO AMARO;SUL
3881;07/04/2022;SUL;CURSINO;VILA GUMERCINDO;SUBTERRANEO;RUA DOUTOR OTACILIO CAMARA SILVEIRA ESQUINA COM RUA VERGUEIRO;2022-05-16;EXCELENTE;POSSIVEL DE USO;-23.6062176830294;-46.614430110272;0;2022-07-28;SÉ;IPIRANGA;CENTRO
791;08/04/2022;LESTE;PARI;BOM JARDIM;SUBTERRANEO;RUA SIQUEIRA AFONSO ESQUINA COM A RUA SILVA TELES;2022-01-02;FRACA;INOPERANTE;-23.5278624024234;-46.6085807318557;0;2022-07-28;SÉ;IPIRANGA;CENTRO
869;08/04/2022;LESTE;VILA PRUDENTE;TAMANDUATEÍ;COLUNA;RUA DIANOPOLIS DE FRENTE A RUA SAQUAREMA;2022-05-09;EXCELENTE;POSSIVEL DE USO;-23.5832462580511;-46.5905030419462;0;2022-07-28;MOOCA;MOÓCA;CENTRO
1597;08/04/2022;LESTE;ÁGUA RASA;REGENTE FEIJÓ;SUBTERRANEO;RUA DA MOOCA ESQUINA COM A RUA TEREsINA;2022-05-07;EXCELENTE;POSSIVEL DE USO;-23.5615035489061;-46.5832518288243;0;2022-07-28;MOOCA;MOÓCA;CENTRO
1627;08/04/2022;LESTE;MOOCA;MOOCA;SUBTERRANEO;RUA PORTO FELIZ 154;2022-04-13;MÉDIA;POSSIVEL DE USO;-23.5585817978233;-46.587503615487;0;2022-07-28;MOOCA;MOÓCA;CENTRO
1629;08/04/2022;LESTE;MOOCA;ALTO DA MOOCA;COLUNA;RUA DO ORATORIO ESQUINA COM RUA ISABEL DIAS;2022-04-13;EXCELENTE;POSSIVEL DE USO;-23.5667254092699;-46.5879147449625;0;2022-07-28;MOOCA;MOÓCA;CENTRO
1649;08/04/2022;LESTE;MOOCA;PARQUE DA MOOCA;SUBTERRANEO;RUA TACOMARE ESQUINA COM A RUA APARAJU;2021-12-16;MÉDIA;POSSIVEL DE USO;-23.5791039657259;-46.5894700873962;0;2022-07-28;MOOCA;MOÓCA;CENTRO
3103;08/04/2022;LESTE;ÁGUA RASA;VILA BERTIOGA;SUBTERRANEO;RUA CAFESOPOLIS ESQUINA COM A RUA BARRETOS;2021-12-15;SECO;INOPERANTE;-23.5666027100897;-46.5854908121009;0;2022-07-28;MOOCA;MOÓCA;CENTRO
1652;11/04/2022;LESTE;MOOCA;MOOCA;SUBTERRANEO;RUA JOANA DARC 104;2022-04-13;MÉDIA;POSSIVEL DE USO;-23.5590305749842;-46.587329140956;0;2022-07-28;MOOCA;MOÓCA;CENTRO
1658;11/04/2022;LESTE;ÁGUA RASA;VILA BERTIOGA;SUBTERRANEO;RUA JABOTICABAL 1755 DE FRONTE A RUA ATIACU;2022-04-18;MÉDIA;POSSIVEL DE USO;-23.5686459707175;-46.5770326594199;0;2022-07-28;MOOCA;MOÓCA;CENTRO
3102;11/04/2022;LESTE;ÁGUA RASA;VILA BERTIOGA;SUBTERRANEO;RUA PROFESSOR OLIVEIRA FAUSTO ESQUINA COM A RUA BARRETOS;2022-07-23;EXCELENTE;POSSIVEL DE USO;-23.5671262699722;-46.5858632670441;0;2022-07-28;MOOCA;MOÓCA;CENTRO
3131;11/04/2022;LESTE;ÁGUA RASA;ÁGUA RASA;SUBTERRANEO;RUA DOUTOR GABRIEL DE RESENDE ESQUINA COM PARQUE DOM PEDRO I;2021-12-12;MÉDIA;POSSIVEL DE USO;-23.5714566929478;-46.5650145763596;1;2022-07-28;MOOCA;MOÓCA;CENTRO
3132;11/04/2022;LESTE;ÁGUA RASA;ÁGUA RASA;SUBTERRANEO;RUA JOAO BIZARRO DEFRONTE A RUA LUCIA MIGUEL PEREIRA;2021-12-15;MÉDIA;POSSIVEL DE USO;-23.5721403936838;-46.5664852045686;0;2022-07-28;MOOCA;MOÓCA;CENTRO
3195;11/04/2022;LESTE;MOOCA;ALTO DA MOOCA;COLUNA;RUA GUAIMBE PROXIMO DA ESQUINA DA AVENIDA PAES DE BARROS;2022-07-21;EXCELENTE;POSSIVEL DE USO;-23.5651620052504;-46.5948749238836;1;2022-07-28;MOOCA;MOÓCA;CENTRO
3249;11/04/2022;LESTE;ÁGUA RASA;ÁGUA RASA;SUBTERRANEO;RUA DOMINGOS AFONSO ESQUINA COM A RUA EMAS;2022-03-24;EXCELENTE;POSSIVEL DE USO;-23.5749079471163;-46.5624046945329;0;2022-07-28;MOOCA;MOÓCA;CENTRO
936;12/04/2022;LESTE;PENHA;PENHA;COLUNA;RUA DOUTOR RENATO MAIA 360;2021-12-16;SECO;INOPERANTE;-23.5136756139079;-46.5480278288308;0;2022-07-28;PENHA;SÃO MIGUEL PAULISTA;LESTE
1449;12/04/2022;LESTE;TATUAPÉ;GOMES CARDIM;SUBTERRANEO;RUA TIJUCO PRETO ESQUINA COM RUA  MONTE SERRAT;2022-04-14;SECO;INOPERANTE;-23.5422279213318;-46.5618807526786;0;2022-07-28;MOOCA;MOÓCA;CENTRO
1458;12/04/2022;LESTE;CARRÃO;VILA CALIFÓRNIA;SUBTERRANEO;RUA ANTONIO DE BARROS ESQUINA COM A RUA GUARACIABA;2022-04-14;SECO;INOPERANTE;-23.5394066729688;-46.5573812059524;0;2022-07-28;MOOCA;MOÓCA;CENTRO
1748;12/04/2022;CENTRO;BOM RETIRO;PONTE PEQUENA;COLUNA;RUA PEDRO VICENTE 1 ESTACAO ARMENIA METRO;2022-05-26;FRACA;POSSIVEL DE USO;-23.5251793962471;-46.6286667819213;1;2022-07-28;SÉ;IPIRANGA;CENTRO
2949;12/04/2022;CENTRO;REPÚBLICA;SANTA IFIGÊNIA;COLUNA;LARGO GENERAL OSORIO ENTRE O NUMERO 147 e 165;2022-02-08;SECO;INOPERANTE;-23.5352463226186;-46.6391255054377;1;2022-07-28;SÉ;IPIRANGA;CENTRO
3285;12/04/2022;LESTE;TATUAPÉ;PARQUE SÃO JORGE;SUBTERRANEO;RUA MELO PEIXOTO ENTRE A RUA DOUTOR ANGELO VITA E A RUA VILELA;2021-12-15;SECO;INOPERANTE;-23.5376303021185;-46.5659034631647;0;2022-07-28;MOOCA;MOÓCA;CENTRO
257;13/04/2022;CENTRO;SÉ;PRAÇA JOÃO MENDES;SUBTERRANEO;PRACA DA LIBERDADE ESQUINA COM A RUA GALVAO BUENO;2022-06-04;SECO;INOPERANTE;-23.5556381220931;-46.6353357546772;0;2022-07-28;SÉ;IPIRANGA;CENTRO
1776;13/04/2022;LESTE;ERMELINO MATARAZZO;PARQUE BUTURUSSU;SUBTERRANEO;RUA PROFESSORA BRANCA DO CANTO E MELO ESQUINA COM A RUA NELIO BATISTA GUIMARAES;2022-05-18;EXCELENTE;POSSIVEL DE USO;-23.5048961549708;-46.4843913121053;0;2022-07-28;PENHA;SÃO MIGUEL PAULISTA;LESTE
3019;13/04/2022;LESTE;PENHA;PENHA;SUBTERRANEO;RUA BERNARDINO VERGUEIRO ESQUINA COM AVENIDA GABRIELA MISTRAL;2021-10-16;SECO;INOPERANTE;-23.5115406122987;-46.5508082580265;0;2022-07-28;PENHA;SÃO MIGUEL PAULISTA;LESTE
131;14/04/2022;CENTRO;SÉ;SÉ;SUBTERRANEO;RUA QUINTINO BOCAIUVA ESQUINA COM A RUA JOSE BONIFACIO;2022-06-04;SECO;INOPERANTE;-23.549122007164;-46.6346931146875;0;2022-07-28;SÉ;IPIRANGA;CENTRO
1668;14/04/2022;LESTE;VILA MATILDE;CIDADE PATRIARCA;SUBTERRANEO;RUA ASTORGA ESQUINA COM A RUA JANDAIA DO SUL;2022-04-26;EXCELENTE;POSSIVEL DE USO;-23.5295473436006;-46.5144498700833;0;2022-07-28;ARTHUR ALVIM;ITAQUERA;LESTE
2583;14/04/2022;CENTRO;SÉ;PARQUE DOM PEDRO;SUBTERRANEO;RUA VINTE E CINCO DE MARCO 881 DEFRONTE A RUA COMENDADOR AFONSO HKERLAKIAN;2022-06-07;SECO;INOPERANTE;-23.5419396958458;-46.6323746548952;0;2022-07-28;SÉ;IPIRANGA;CENTRO
2606;14/04/2022;CENTRO;BELA VISTA;BEXIGA;SUBTERRANEO;AVENIDA BRIGADEIRO LUIS ANTONIO 1099 DEFRONTE A RUA MAJOR DIOGOZ;2022-05-15;MÉDIA;POSSIVEL DE USO;-23.5593216374809;-46.642171306797;0;2022-07-28;LAPA;JARDINS;CENTRO
1666;18/04/2022;LESTE;CARRÃO;VILA CALIFÓRNIA;SUBTERRANEO;RUA JOSE TABACOW ESQUINA COM RUA CORONEL MENDONCA;2021-12-14;;NÃO LOCALIZADO;-23.5456284496754;-46.5497659249651;0;2022-07-28;MOOCA;MOÓCA;CENTRO
2336;18/04/2022;OESTE;JARDIM PAULISTA;OSCAR FREIRE;SUBTERRANEO;RUA DA CONSOLACAO ESQUINA COM  ALAMEDA LORENA;2022-05-07;EXCELENTE;POSSIVEL DE USO;-23.5614425141454;-46.6688299565669;0;2022-07-28;LAPA;JARDINS;CENTRO
2362;18/04/2022;OESTE;JARDIM PAULISTA;OSCAR FREIRE;SUBTERRANEO;RUA AUGUSTA ESQUINA COM A RUA ALAMEDA TIETE;2022-05-07;SECO;INOPERANTE;-23.5625437517045;-46.6649997398011;0;2022-07-28;LAPA;JARDINS;CENTRO
821;19/04/2022;NORTE;SANTANA;SANTA TEREZINHA;SUBTERRANEO;RUA NABUCO DE ARAUJO ESQUINA COM RUA PEREGRINO;2022-01-19;EXCELENTE;POSSIVEL DE USO;-23.4876082132155;-46.6347184605791;0;2022-07-28;SANTANA;SANTANA;NORTE
930;19/04/2022;NORTE;VILA MEDEIROS;VILA MEDEIROS;SUBTERRANEO;RUA SODRE E SILVA 274 ESQUINA COM A AVENIDA JARDIM JAPAO;2022-04-28;EXCELENTE;POSSIVEL DE USO;-23.4793745029048;-46.5822391489134;0;2022-07-28;VILA MARIA;SANTANA;NORTE
1531;19/04/2022;OESTE;ITAIM BIBI;VILA OLÍMPIA;COLUNA;AVENIDA SANTO AMARO 400 ESQUINA RUA DOUTOR EDUARDO DE SOUZA ARANHA;2022-07-12;EXCELENTE;POSSIVEL DE USO;-23.5877489866213;-46.6718649268005;1;2022-07-28;LAPA;JARDINS;CENTRO
2378;19/04/2022;SUL;CIDADE DUTRA;JARDIM REPRESA;SUBTERRANEO;RUA LEONOR ALVIM 239 NA CALCADA DA MATERNIDADE INTERLAGOS;2022-06-02;FRACA;POSSIVEL DE USO;-23.7069659886909;-46.7019607870293;0;2022-07-28;INTERLAGOS;INTERLAGOS;SUL
2500;19/04/2022;SUL;CIDADE DUTRA;SESC INTERLAGOS;SUBTERRANEO;RUA FRUTUOSO BARBOSA ESQUINA COM A RUA FRANCISCO BARRETO;2022-06-07;MÉDIA;POSSIVEL DE USO;-23.7132302996035;-46.6890202;0;2022-07-28;INTERLAGOS;INTERLAGOS;SUL
2871;19/04/2022;NORTE;VILA GUILHERME;VILA GUILHERME;COLUNA;RUA SAO QUIRINO ESQUINA COM A RUA JOAQUINA RAMALHO;2022-04-28;EXCELENTE;POSSIVEL DE USO;-23.5121254454278;-46.6060676024143;1;2022-07-28;VILA MARIA;SANTANA;NORTE
380;20/04/2022;CENTRO;LIBERDADE;CENTRO CULTURAL;COLUNA;RUA VERGUEIRO ESQUINA COM A RUA CASTRO ALVES;2022-05-05;EXCELENTE;POSSIVEL DE USO;-23.5665160141379;-46.6394115592627;0;2022-07-28;LAPA;JARDINS;CENTRO
381;20/04/2022;CENTRO;LIBERDADE;CENTRO CULTURAL;COLUNA;RUA VERGUEIRO ESQUINA COM O VIADUTO BENEFICIENCIA;2022-05-05;FRACA;POSSIVEL DE USO;-23.5687800155926;-46.6401123745318;1;2022-07-28;LAPA;JARDINS;CENTRO
1235;20/04/2022;NORTE;CASA VERDE;PARQUE PERUCHE;SUBTERRANEO;RUA ZILDA 796 DEFRONTE COM A RUA PEDRO JUAN CABALERO;2022-07-04;EXCELENTE;POSSIVEL DE USO;-23.4927849060514;-46.6618966016978;0;2022-07-28;FREGUESIA DO Ó;FREGUESIA DO Ó;NORTE
1810;20/04/2022;LESTE;ARICANDUVA;ARICANDUVA;SUBTERRANEO;RUA REFINARIA PRESIDENTE BERNARDES ESQUINA COM A RUA PETROBRAS;2022-04-18;EXCELENTE;POSSIVEL DE USO;-23.5712836918028;-46.5161370048315;0;2022-07-28;MOOCA;MOÓCA;CENTRO
4248;20/04/2022;OESTE;BUTANTÃ;JARDIM CAXINGUI;SUBTERRANEO;RUA DR ERNANI DA GAMA CORREIA PROXIMA DA ESQUINA COM RUA JOSE DE MORAES FERRAZ;2022-07-08;EXCELENTE;POSSIVEL DE USO;-23.5746512268695;-46.7241591041151;0;2022-07-28;BUTANTA;BUTANTÃ;OESTE
5504;20/04/2022;CENTRO;BOM RETIRO;PONTE PEQUENA;COLUNA;AVENIDA DO ESTADO 561 NO INTERIOR DO COMPLEXO ADMINISTRATIVO DA SABESP PONTE PEQUENA;2020-11-25;EXCELENTE;POSSIVEL DE USO;-23.5201059388089;-46.6355650295736;0;2022-07-28;SÉ;IPIRANGA;CENTRO
15070;20/04/2022;NORTE;CACHOEIRINHA;JARDIM PERI;COLUNA;RUA OSWALDO RIBEIRO JUNQUEIRA ESQUINA COM A AVENIDA GENERAL PENHA BRASIL;2022-07-20;EXCELENTE;POSSIVEL DE USO;-23.4597585233712;-46.6730392940899;0;2022-07-28;FREGUESIA DO Ó;FREGUESIA DO Ó;NORTE
86;25/04/2022;SUL;IPIRANGA;VILA SÃO JOSÉ;SUBTERRANEO;RUA OLIVEIRA MELO ESQUINA COM A RUA DOUTOR MARIO VICENTE;2022-05-02;SECO;INOPERANTE;-23.5877032276373;-46.6150255754463;0;2022-07-28;SÉ;IPIRANGA;CENTRO
368;25/04/2022;SUL;VILA MARIANA;FRANÇA PINTO;SUBTERRANEO;RUA DOUTOR MARIO CARDIM ESQUINA COM PRACA RIOLANDA;2022-03-10;EXCELENTE;POSSIVEL DE USO;-23.5906093283026;-46.6451159624092;0;2022-07-28;LAPA;JARDINS;CENTRO
1475;25/04/2022;OESTE;LAPA;LAPA;SUBTERRANEO;RUA GUAICURUS ESQUINA COM A RUA AURELIA;2022-06-27;EXCELENTE;POSSIVEL DE USO;-23.5218183154374;-46.6977753642163;0;2022-07-28;LAPA;JARDINS;CENTRO
2972;25/04/2022;LESTE;ARICANDUVA;ARICANDUVA;SUBTERRANEO;AVENIDA ODILON PIRES ESQUINA COM A RUA ANTONIO LA GIUDICEL;2022-02-17;MÉDIA;POSSIVEL DE USO;-23.56654316666;-46.5103866217005;0;2022-07-28;MOOCA;MOÓCA;CENTRO
1362;26/04/2022;LESTE;ARTUR ALVIM;CIDADE A.E.CARVALHO;COLUNA;AVENIDA AGUIA DE HAIA ESQUINA COM A RUA PACARANA;2022-05-09;EXCELENTE;POSSIVEL DE USO;-23.5371394559574;-46.4753824199589;0;2022-07-28;PENHA;SÃO MIGUEL PAULISTA;LESTE
1582;26/04/2022;LESTE;BELÉM;BELENZINHO;SUBTERRANEO;RUA SAOZO LEOPOLDO ESQUINA COM A RUA VINTE E UM DE ABRIL;2022-05-03;EXCELENTE;POSSIVEL DE USO;-23.5401476258055;-46.6008078968272;0;2022-07-28;MOOCA;MOÓCA;CENTRO
1789;26/04/2022;SUL;IPIRANGA;VILA INDEPENDÊNCIA;SUBTERRANEO;RUA AGOSTINHO GOMES ESQUINA COM AVENIDA DO ESTADO;2022-05-02;SECO;INOPERANTE;-23.5703520596012;-46.605875849331;0;2022-07-28;SÉ;IPIRANGA;CENTRO
2022;26/04/2022;LESTE;ITAQUERA;RIO VERDE;SUBTERRANEO;AVENIDA PADRE GREGORIO MAFRA ESQUINA COM  A RUA CAPITAO ANTONIO VASCONCELOS;2022-05-20;MÉDIA;POSSIVEL DE USO;-23.5202191282825;-46.4526936268462;0;2022-07-28;ITAQUERA;ITAQUERA;LESTE
2070;26/04/2022;LESTE;JARDIM HELENA;JARDIM HELENA;SUBTERRANEO;AVENIDA OLIVEIRA FREIRE ESQUINA COM RUA SABIA LARANDEIRA;2022-05-31;SECO;INOPERANTE;-23.4843619949933;-46.4211516703869;0;2022-07-28;SÃO MIGUEL PAULISTA;SÃO MIGUEL PAULISTA;LESTE
2243;26/04/2022;OESTE;PINHEIROS;JARDIM PAULISTANO;COLUNA;AVENIDA PEDROSO DE MORAIS ESQUINA COM A RUA TEODORO SAMPAIO;2022-07-05;EXCELENTE;POSSIVEL DE USO;-23.5653018996407;-46.6901458715748;1;2022-07-28;LAPA;JARDINS;CENTRO
2270;26/04/2022;OESTE;LAPA;LAPA DE BAIXO;SUBTERRANEO;AVENIDA SANTA MARINA DEFRONTE A RUA EDGAR POE;2022-07-05;EXCELENTE;POSSIVEL DE USO;-23.5161110670167;-46.6908958601084;0;2022-07-28;LAPA;JARDINS;CENTRO
3369;26/04/2022;LESTE;ITAQUERA;RIO VERDE;COLUNA;AVENIDA PIRES DO RIO DEFRONTE A RUA CAROLINA FONSECA;2022-07-27;SECO;INOPERANTE;-23.5331858718997;-46.4536899593031;0;2022-07-28;ITAQUERA;ITAQUERA;LESTE
10016;26/04/2022;SUL;VILA MARIANA;FRANÇA PINTO;SUBTERRANEO;RUA IRMA EFIGENIA 19 NO FUNDO DA VILA;2022-04-06;MÉDIA;POSSIVEL DE USO;-23.5894068362228;-46.6381460192829;0;2022-07-28;LAPA;JARDINS;CENTRO
867;27/04/2022;LESTE;VILA PRUDENTE;TAMANDUATEÍ;COLUNA;AVENIDA PROFESSOR LUIZ IGNACIO ANHAIA MELO ENTRE AS RUAS DA IGREJA E RUA DO CENTRO;2022-02-19;SECO;INOPERANTE;-23.586152516497;-46.589669511258;0;2022-07-28;MOOCA;MOÓCA;CENTRO
1327;27/04/2022;OESTE;VILA SÔNIA;VILA SÔNIA;SUBTERRANEO;RUA ITUCUMA COM AV PROFESSOR FRANCISCO MORATO;2022-05-26;;NÃO LOCALIZADO;-23.5956522902421;-46.7393249284488;0;2022-07-28;BUTANTA;BUTANTÃ;OESTE
1635;27/04/2022;LESTE;MOOCA;PARQUE DA MOOCA;SUBTERRANEO;RUA DOS TRILHOS ESQUINA COM A RUA TAQUARI;2022-05-13;SECO;INOPERANTE;-23.5534454605702;-46.6001099026066;0;2022-07-28;MOOCA;MOÓCA;CENTRO
1690;27/04/2022;LESTE;MOOCA;PARQUE DA MOOCA;SUBTERRANEO;RUA MARIA CRESPI ESQUINA COM A RUA GUARATINGUETA;2022-03-10;MÉDIA;POSSIVEL DE USO;-23.5579690986207;-46.6047624832212;0;2022-07-28;MOOCA;MOÓCA;CENTRO
1696;27/04/2022;LESTE;MOOCA;PARQUE DA MOOCA;SUBTERRANEO;RUA BORGES FIGUEIREDO 382 MOOCA ESQUINA COM A RUA GUARATINGUETA;2021-12-10;MÉDIA;POSSIVEL DE USO;-23.5581661301999;-46.6069206821654;1;2022-07-28;MOOCA;MOÓCA;CENTRO
4403;27/04/2022;SUL;JARDIM SÃO LUÍS;GUARAPIRANGA;SUBTERRANEO;ESTRADA DO M BOI MIRIM ESQUINA COM RUA DOMINGOS AFONSO SERTAO;2022-05-05;;NÃO LOCALIZADO;-23.6726414783016;-46.743050865027;0;2022-07-28;CAMPO LIMPO;GUARAPIRANGA;SUL
6683;27/04/2022;OESTE;BUTANTÃ;JARDIM BONFIGLIOLI;COLUNA;AVENIDA MARECHAL FIUZA DE CASTRO 435 NO INTERIOR DO CONDOMINIO DE PREDIOS;2022-03-30;EXCELENTE;POSSIVEL DE USO;-23.5822116579637;-46.7457300703973;0;2022-07-28;BUTANTA;BUTANTÃ;OESTE
1808;28/04/2022;LESTE;TATUAPÉ;PARQUE SÃO JORGE;SUBTERRANEO;RUA MELO PEIXOTO ESUQINA COM RUA ANTONIO DE BARROS;2021-12-09;;NÃO LOCALIZADO;-23.5362618128865;-46.5585380574356;0;2022-07-28;MOOCA;MOÓCA;CENTRO
1825;28/04/2022;LESTE;TATUAPÉ;PARQUE SÃO JORGE;SUBTERRANEO;RUA JOAO PENTEADO COM RUA ARNALDO CINTRA;2021-12-12;SECO;INOPERANTE;-23.5281903510634;-46.5611032852278;0;2022-07-28;MOOCA;MOÓCA;CENTRO
1826;28/04/2022;LESTE;TATUAPÉ;PARQUE SÃO JORGE;SUBTERRANEO;RUA ANTONIO DE BARROS ESQUINA COM A RUA DO TATUAPE;2021-12-09;SECO;INOPERANTE;-23.5293457526861;-46.5604588228724;0;2022-07-28;MOOCA;MOÓCA;CENTRO
5610;28/04/2022;CENTRO;CAMBUCI;CAMBUCI;COLUNA;RUA CORONEL DIOGO 275 NO INTERIOR DO PREDIO DA SABESP AO LADO PORTAO PRINCIPAL PELA CORONEL DIOGO;2022-02-18;SECO;INOPERANTE;-23.5781793818544;-46.6245203840469;0;2022-07-28;SÉ;IPIRANGA;CENTRO
1403;29/04/2022;LESTE;PENHA;PENHA;SUBTERRANEO;RUA CARLOS MEIRA ESQUINA COM A RUA RODOVALHO JUNIOR;2022-04-19;EXCELENTE;POSSIVEL DE USO;-23.5199503094302;-46.5482539512469;0;2022-07-28;PENHA;SÃO MIGUEL PAULISTA;LESTE
1694;29/04/2022;NORTE;LIMÃO;LIMÃO;SUBTERRANEO;AVENIDA PROFESSOR CELESTINO BOURROUL 705;2022-07-04;SECO;INOPERANTE;-23.5074961631104;-46.6739617919911;0;2022-07-28;FREGUESIA DO Ó;FREGUESIA DO Ó;NORTE
3179;29/04/2022;LESTE;VILA MATILDE;FREI MONT ALVERNE;SUBTERRANEO;RUA PROFESSOR MARTIM DAMY ESQUINA COM AVENIDA CONDE DE FRONTIN;2021-10-14;EXCELENTE;POSSIVEL DE USO;-23.5327638825166;-46.5360197995832;1;2022-07-28;PENHA;SÃO MIGUEL PAULISTA;LESTE
3188;29/04/2022;LESTE;VILA MATILDE;FREI MONT ALVERNE;SUBTERRANEO;RUA EDGAR DE SOUZA ESQUINA COM A RUA GUAPERUVU;2021-10-14;EXCELENTE;POSSIVEL DE USO;-23.5360813264867;-46.5387779355231;0;2022-07-28;PENHA;SÃO MIGUEL PAULISTA;LESTE
4298;29/04/2022;LESTE;VILA FORMOSA;VILA FORMOSA;SUBTERRANEO;AVENIDA JOAO XXIII ESQUINA COM A AVENIDA RENATA;2022-05-06;MÉDIA;POSSIVEL DE USO;-23.570542527563;-46.5401485231382;0;2022-07-28;MOOCA;MOÓCA;CENTRO
5646;29/04/2022;CENTRO;CAMBUCI;CAMBUCI;COLUNA;RUA CORONEL DIOGO NO INTERIOR DO PREDIO DA SABESP;2022-02-18;FRACA;POSSIVEL DE USO;-23.5778307881488;-46.6248707422095;0;2022-07-28;SÉ;IPIRANGA;CENTRO
1410;02/05/2022;LESTE;PENHA;TIQUATIRA;SUBTERRANEO;RUA FRANCISCO DO AMARAL ESQUINA COM A RUA DONA VICENTINA ALEGRETTI;2022-05-06;EXCELENTE;POSSIVEL DE USO;-23.5209601078129;-46.5378313977837;0;2022-07-28;PENHA;SÃO MIGUEL PAULISTA;LESTE
1412;02/05/2022;LESTE;PENHA;TIQUATIRA;SUBTERRANEO;RUA JOSE MARIA ESQUINA COM A AVENIDA AMADOR BUENO DA VEIGA;2021-12-14;EXCELENTE;POSSIVEL DE USO;-23.522509309074;-46.5403313502953;0;2022-07-28;PENHA;SÃO MIGUEL PAULISTA;LESTE
1426;02/05/2022;LESTE;CANGAIBA;CANGAÍBA;SUBTERRANEO;RUA SAO FLORENCIO ESQUINA COM A RUA JANIPABA;2022-06-02;EXCELENTE;POSSIVEL DE USO;-23.5127615202958;-46.5304178634355;0;2022-07-28;PENHA;SÃO MIGUEL PAULISTA;LESTE
1711;02/05/2022;SUL;MOEMA;PARQUE IBIRAPUERA;SUBTERRANEO;LADEIRA DA PREGUICA AO LADO DO PREDIO DA BIENAL INTERIOR DO IBIRAPUERA;2022-06-10;EXCELENTE;POSSIVEL DE USO;-23.5892439539283;-46.655719566966;0;2022-07-28;LAPA;JARDINS;CENTRO
1809;02/05/2022;LESTE;ARICANDUVA;ARICANDUVA;SUBTERRANEO;RUA DORIVAL LOURENCO DA SILVA ESQUINA COM A RUA ANTONIO VIOL;2021-12-12;SECO;INOPERANTE;-23.5581662190559;-46.5182373099724;0;2022-07-28;MOOCA;MOÓCA;CENTRO
1819;02/05/2022;LESTE;CARRÃO;VILA CALIFÓRNIA;SUBTERRANEO;AVENIDA CONSELHEIRO CARRAO ESQUINA COM A AVENIDA GUILHERME GIORGI;2021-12-14;FRACA;POSSIVEL DE USO;-23.5470976780883;-46.5413561100981;0;2022-07-28;MOOCA;MOÓCA;CENTRO
1860;02/05/2022;LESTE;PONTE RASA;PONTE RASA;SUBTERRANEO;RUA EVARISTO EMILIANO BUENO ESQUINA COM A RUA SARGENTO DJALMA EVANGELISTA;2021-12-22;EXCELENTE;POSSIVEL DE USO;-23.5094457805584;-46.4864767504278;0;2022-07-28;PENHA;SÃO MIGUEL PAULISTA;LESTE
3017;02/05/2022;LESTE;CARRÃO;ARICANDUVA;COLUNA;AVENIDA RIO DAS PEDRAS PROXIMO A AVENIDA JOAO XXIII;2022-05-06;EXCELENTE;POSSIVEL DE USO;-23.5591195336577;-46.5209916157697;1;2022-07-28;MOOCA;MOÓCA;CENTRO
3023;02/05/2022;LESTE;CARRÃO;VILA CARRÃO;SUBTERRANEO;RUA PEDRO VOSS ESQUINA COM A RUA ALEXANDRO NINI;2022-05-21;MÉDIA;POSSIVEL DE USO;-23.556265039238;-46.5277499248669;0;2022-07-28;MOOCA;MOÓCA;CENTRO
3034;02/05/2022;LESTE;CARRÃO;VILA CALIFÓRNIA;SUBTERRANEO;RUA EVANGELINA ESQUINA COM A RUA ENGENHEIRO PEGADO;2021-12-11;EXCELENTE;POSSIVEL DE USO;-23.5472156378381;-46.5429904991689;0;2022-07-28;MOOCA;MOÓCA;CENTRO
3038;02/05/2022;LESTE;CARRÃO;VILA CARRÃO;SUBTERRANEO;RUA DULCE ESQUINA COM A RUA RENATO RINALDI;2021-12-13;FRACA;INOPERANTE;-23.5526398562559;-46.5366768460094;0;2022-07-28;MOOCA;MOÓCA;CENTRO
3250;02/05/2022;LESTE;PENHA;VILA ESPERANÇA;SUBTERRANEO;RUA MANDAGUAI ESQUINA COM PRACA ANTONIO ALBERTO;2022-06-20;SECO;INOPERANTE;-23.5271027641004;-46.5098113408293;0;2022-07-28;ARTHUR ALVIM;ITAQUERA;LESTE
3265;02/05/2022;LESTE;SÃO LUCAS;VILA EMA;COLUNA;RUA GOMES ESQUINA COM A RUA BUCUITUBA;2021-12-15;FRACA;INOPERANTE;-23.5771364235717;-46.5511558764733;1;2022-07-28;MOOCA;MOÓCA;CENTRO
3393;02/05/2022;LESTE;ARTUR ALVIM;CIDADE A.E.CARVALHO;COLUNA;AVENIDA AGUIA DE HAIA ESQUINA COM A RUA LOURIVAL AMERICO DA FONSECA;2022-05-09;MÉDIA;POSSIVEL DE USO;-23.5377937508159;-46.4773436201987;1;2022-07-28;PENHA;SÃO MIGUEL PAULISTA;LESTE
3644;02/05/2022;SUL;SACOMÃ;MOINHO VELHO;SUBTERRANEO;ESTRADA DAS LAGRIMAS RUA LAMUTE;2022-05-03;SECO;INOPERANTE;-23.6257767885265;-46.5912392528912;0;2022-07-28;SÉ;IPIRANGA;CENTRO
3652;02/05/2022;SUL;SACOMÃ;SÃO JOÃO CLÍMACO;SUBTERRANEO;RUA RENATO RANIERE ESQUINA COM A RUA PROFESSOR CANTIDIO DE MOURA CAMPOS;2021-12-17;EXCELENTE;POSSIVEL DE USO;-23.6282730091032;-46.5862767108242;0;2022-07-28;SÉ;IPIRANGA;CENTRO
3666;02/05/2022;SUL;SACOMÃ;VILA HELIÓPOLIS;SUBTERRANEO;RUA ROMEU TAARZIA ESQUINA COM A RUA SILVIO GUIMARAES DE ASSIS;2022-05-03;SECO;INOPERANTE;-23.6229344036255;-46.5891393129224;0;2022-07-28;SÉ;IPIRANGA;CENTRO
3938;02/05/2022;SUL;JABAQUARA;JABAQUARA;SUBTERRANEO;AVENIDA PEDRO BUENO 235 PROXIMO A ESQUINA COM A  RUA BARROS BROTERO;2022-05-25;SECO;INOPERANTE;-23.6335558653777;-46.6471139000581;0;2022-07-28;SANTO AMARO;SANTO AMARO;SUL
4187;02/05/2022;LESTE;VILA FORMOSA;VILA FORMOSA;SUBTERRANEO;RUA JACURUTU ESQUINA COM A RUA IRMA CLOTILDE;2021-12-12;FRACA;POSSIVEL DE USO;-23.5678426864417;-46.538296242423;0;2022-07-28;MOOCA;MOÓCA;CENTRO
4296;02/05/2022;LESTE;VILA PRUDENTE;ORFANATO;SUBTERRANEO;RUA LIMEIRA ESQUINA COM A RUA PINDAMONHANGABA   PRACA SALIM LAHUD;2022-05-03;FRACA;INOPERANTE;-23.5848172589191;-46.5850054960391;0;2022-07-28;MOOCA;MOÓCA;CENTRO
6754;02/05/2022;OESTE;VILA LEOPOLDINA;CEASA;COLUNA;NO INTERIOR DO CEAGESP NA CALCADA DO PREDIO FAP;2021-12-28;EXCELENTE;POSSIVEL DE USO;-23.5386018729349;-46.7373376573317;0;2022-07-28;LAPA;JARDINS;CENTRO
6755;02/05/2022;OESTE;VILA LEOPOLDINA;CEASA;COLUNA;NO INTERIOR DO CEAGESP NA CALCADA DO PAVILHAO BPC;2021-12-28;MÉDIA;POSSIVEL DE USO;-23.5372301896057;-46.73568642;0;2022-07-28;LAPA;JARDINS;CENTRO
6756;02/05/2022;OESTE;VILA LEOPOLDINA;CEASA;COLUNA;NO INTERIOR DO CEAGESP NA CALCADA DO PAVILHAO BPC RUA 31;2021-12-19;EXCELENTE;POSSIVEL DE USO;-23.5373794796057;-46.73518981;0;2022-07-28;LAPA;JARDINS;CENTRO
10027;02/05/2022;SUL;SACOMÃ;SÃO JOÃO CLÍMACO;SUBTERRANEO;RUA HIGA CAMELINA 203 NO FINAL DA RUA;2021-12-16;;NÃO LOCALIZADO;-23.6332059972555;-46.5855879722642;0;2022-07-28;SÉ;IPIRANGA;CENTRO
10030;02/05/2022;SUL;SACOMÃ;SÃO JOÃO CLÍMACO;COLUNA;ESTRADA DAS LAGRIMAS 3621 NO INTERIOR DO CONDOMINIO DEFRONTE AO BLOCO 08;2022-05-18;EXCELENTE;POSSIVEL DE USO;-23.6290255019535;-46.5842931414514;0;2022-07-28;SÉ;IPIRANGA;CENTRO
10032;02/05/2022;SUL;CURSINO;ÁGUA FUNDA;SUBTERRANEO;RUA ROSA DE MORAES 12 NO INTERIOR DO CONDOMINIO DEFRONTE AO BLOCO 02;2022-05-06;EXCELENTE;POSSIVEL DE USO;-23.6299871622359;-46.6267752736702;0;2022-07-28;SÉ;IPIRANGA;CENTRO
325;03/05/2022;SUL;CAMPO BELO;CAMPO BELO;SUBTERRANEO;RUA DEMOSTENES ESQUINA COM A RUA CONSTANTINO DE SOUZA;2022-05-31;EXCELENTE;POSSIVEL DE USO;-23.6170713402588;-46.6731275828497;0;2022-07-28;SANTO AMARO;SANTO AMARO;SUL
400;03/05/2022;SUL;CAMPO BELO;CAMPO BELO;SUBTERRANEO;RUA ALVARO NUNES ESQUINA COM RUA VISCONDE DE AGUIAR TOLEDO;2022-07-08;EXCELENTE;POSSIVEL DE USO;-23.6218509173965;-46.6647597189858;0;2022-07-28;SANTO AMARO;SANTO AMARO;SUL
1844;03/05/2022;LESTE;PONTE RASA;BURGO PAULISTA;SUBTERRANEO;AVENIDA NICOLAU JACINTO ESQUINA COM A RUA ITAPIPINAS;2022-05-09;EXCELENTE;POSSIVEL DE USO;-23.5254692797179;-46.4848478904314;0;2022-07-28;PENHA;SÃO MIGUEL PAULISTA;LESTE
1847;03/05/2022;LESTE;PONTE RASA;BURGO PAULISTA;SUBTERRANEO;RUA DAS BROMELIAS ESQUINA COM A RUA DA PONTE RASA;2022-05-17;SECO;INOPERANTE;-23.5136070162727;-46.4816842696429;0;2022-07-28;PENHA;SÃO MIGUEL PAULISTA;LESTE
1849;03/05/2022;LESTE;PONTE RASA;BURGO PAULISTA;SUBTERRANEO;RUA HONORIO EMILIANO BUENO ESQUINA COM A RUA RAIMUNDO MACHADO;2022-05-17;SECO;INOPERANTE;-23.5117348734156;-46.482516214881;0;2022-07-28;PENHA;SÃO MIGUEL PAULISTA;LESTE
1854;03/05/2022;LESTE;PENHA;VILA RÉ;SUBTERRANEO;AVENIDA ANTONIO DIOGO ESQUINA COM AVENIDA HERMILIO ALVES;2022-05-12;SECO;INOPERANTE;-23.5307755213929;-46.4918451442073;0;2022-07-28;ARTHUR ALVIM;ITAQUERA;LESTE
1862;03/05/2022;LESTE;PENHA;VILA RÉ;SUBTERRANEO;RUA NEA ESQUINA COM A RUA SAO SEVERO;2022-05-12;SECO;INOPERANTE;-23.5265081416339;-46.494298736112;0;2022-07-28;ARTHUR ALVIM;ITAQUERA;LESTE
1877;03/05/2022;LESTE;VILA JACUÍ;LIMOEIRO;SUBTERRANEO;AVENIDA CEZAR AUGUSTO ROMANO ESQUINA COM A RUA ARUMIM;2022-05-17;MÉDIA;POSSIVEL DE USO;-23.508280802217;-46.4758430197257;0;2022-07-28;PENHA;SÃO MIGUEL PAULISTA;LESTE
1896;03/05/2022;LESTE;VILA JACUÍ;LIMOEIRO;SUBTERRANEO;RUA ALEXANDRE PETTA DEFRONTE A RUA GLICERIO RODRIGUES;2022-04-22;EXCELENTE;POSSIVEL DE USO;-23.5080275121619;-46.4772445515253;0;2022-07-28;PENHA;SÃO MIGUEL PAULISTA;LESTE
2262;03/05/2022;OESTE;BUTANTÃ;JARDIM CAXINGUI;SUBTERRANEO;RUA GERVASIO DUNCAN DE LIMA RODRIGUES ESQUINA COM A RUA HAROLDO GURGEL;2022-07-15;MÉDIA;POSSIVEL DE USO;-23.5790921674623;-46.7128030244048;0;2022-07-28;BUTANTA;BUTANTÃ;OESTE
2415;03/05/2022;SUL;CIDADE ADEMAR;CUPECÊ;SUBTERRANEO;RUA MANOEL ALONSO MEDINA 107 PROXIMO RUA FRANCISCO LOPES PINTO;2022-06-08;EXCELENTE;POSSIVEL DE USO;-23.6550721486534;-46.6769972245431;0;2022-07-28;SANTO AMARO;SANTO AMARO;SUL
3209;03/05/2022;LESTE;VILA MATILDE;FREI MONT ALVERNE;SUBTERRANEO;RUA CORONEL PEDRO DIAS DE CAMPOS ESQUINA COM RUA JOSE MASCARENHAS;2022-01-06;EXCELENTE;POSSIVEL DE USO;-23.5387298562153;-46.5316441726464;0;2022-07-28;ARTHUR ALVIM;ITAQUERA;LESTE
3811;03/05/2022;SUL;CIDADE ADEMAR;CUPECÊ;SUBTERRANEO;RUA DR UBALDO FRANCO CAIUBE PROXIMO A RUA LUCIO SENECA;2021-09-17;EXCELENTE;POSSIVEL DE USO;-23.6601643117028;-46.6724979579492;0;2022-07-28;SANTO AMARO;SANTO AMARO;SUL
3877;03/05/2022;SUL;CAMPO BELO;JOAQUIM NABUCO;SUBTERRANEO;RUA VICENTE LEPORACE ESQUINA COM A RUA BERNARDINO DE CAMPOS;2022-07-08;EXCELENTE;POSSIVEL DE USO;-23.6295984624671;-46.6742649850125;0;2022-07-28;SANTO AMARO;SANTO AMARO;SUL
3886;03/05/2022;NORTE;CASA VERDE;PARQUE PERUCHE;SUBTERRANEO;RUA ZILDA ESQUINA COM RUA BENEDETTO BONFIGLI;2022-07-04;MÉDIA;POSSIVEL DE USO;-23.4885584823502;-46.6638862258539;0;2022-07-28;FREGUESIA DO Ó;FREGUESIA DO Ó;NORTE
3909;03/05/2022;OESTE;ITAIM BIBI;VILA CORDEIRO;SUBTERRANEO;RUA ODES MODERNAS ESQUINA COM A RUA PROFESSOR JOSE LEITE OITICICA;2022-02-22;EXCELENTE;INOPERANTE;-23.6211158950529;-46.6959364961968;0;2022-07-28;SANTO AMARO;SANTO AMARO;SUL
3932;03/05/2022;SUL;CAMPO BELO;VIEIRA DE MORAES;SUBTERRANEO;RUA CONDE DE PORTO ALEGRE ESQUINA COM A RUA VIEIRA MORAES;2022-07-15;EXCELENTE;POSSIVEL DE USO;-23.6213116029803;-46.6726046480308;0;2022-07-28;SANTO AMARO;SANTO AMARO;SUL
3935;03/05/2022;OESTE;ITAIM BIBI;BERRINI;COLUNA;RUA GERALDO FLAUSINO GOEMS ESQUINA COM A AVENIDA ENGENHEIRO LUIZ CARLOS BERRINI;2022-07-12;EXCELENTE;POSSIVEL DE USO;-23.6081122117735;-46.6941392515105;0;2022-07-28;SANTO AMARO;SANTO AMARO;SUL
3971;03/05/2022;OESTE;ITAIM BIBI;BROOKLIN;SUBTERRANEO;RUA TEXAS ESQUINA COM A RUA RIBEIRO DO VALE;2022-07-15;EXCELENTE;POSSIVEL DE USO;-23.6055122900163;-46.680984173202;0;2022-07-28;SANTO AMARO;SANTO AMARO;SUL
4384;03/05/2022;OESTE;ITAIM BIBI;BERRINI;SUBTERRANEO;RUA KANSAS PROXIMO A RUA DOMINGOS DE ANDRADE ROSA;2022-07-15;MÉDIA;POSSIVEL DE USO;-23.6002537166011;-46.6893939869173;0;2022-07-28;SANTO AMARO;SANTO AMARO;SUL
382;04/05/2022;SUL;SAÚDE;PLANALTO PAULISTA;SUBTERRANEO;AVENIDA DOS IMARES ESQUINA COM A ALAMEDA DOS GUAINUMBIS;2022-05-06;EXCELENTE;POSSIVEL DE USO;-23.6184966706625;-46.6582714272388;0;2022-07-28;LAPA;JARDINS;CENTRO
1540;04/05/2022;LESTE;PENHA;TIQUATIRA;SUBTERRANEO;RUA CLAUDIA ESQUINA COM A RUA PIXURIM;2022-06-02;MÉDIA;POSSIVEL DE USO;-23.5181407736146;-46.5260544706018;0;2022-07-28;PENHA;SÃO MIGUEL PAULISTA;LESTE
2980;04/05/2022;LESTE;ARICANDUVA;BARREIRA GRANDE;COLUNA;RUA PROFESSORA ALZIRA DE OLIVEIRA EM FRENTE A ESCOLA ROQUETE PINTO;2021-12-14;SECO;INOPERANTE;-23.5824626806424;-46.5162483272455;0;2022-07-28;MOOCA;MOÓCA;CENTRO
3075;04/05/2022;LESTE;SÃO LUCAS;PARQUE SÃO LUCAS;COLUNA;RUA CAMILO HADDAD 404 ESQUINA COM A RUA LUIS ROMANINI;2022-02-25;EXCELENTE;POSSIVEL DE USO;-23.5969691290101;-46.5404578364651;1;2022-07-28;MOOCA;MOÓCA;CENTRO
3242;04/05/2022;LESTE;ARICANDUVA;BARREIRA GRANDE;COLUNA;AVENIDA BARREIRA GRANDE PROXIMO A RUA MANOEL FERREIRA PIRES;2022-04-18;EXCELENTE;POSSIVEL DE USO;-23.584343460414;-46.5280527749389;1;2022-07-28;MOOCA;MOÓCA;CENTRO
3918;04/05/2022;SUL;CAMPO BELO;CAMPO BELO;COLUNA;RUA BARAO DE GOIANIA ESQUINA A AVENIDA WASHINGTON LUIS;2022-06-24;EXCELENTE;POSSIVEL DE USO;-23.6245847482563;-46.6620149516875;0;2022-07-28;SANTO AMARO;SANTO AMARO;SUL
3933;04/05/2022;SUL;CAMPO BELO;CAMPO BELO;SUBTERRANEO;RUA VISCONDE DE CASTRO PROXIMO AVENIDA WASHINGTON LUIS   AO LADO DA ANTENA DE CELLULAR;2022-07-15;EXCELENTE;POSSIVEL DE USO;-23.6181071147241;-46.6624832990062;0;2022-07-28;SANTO AMARO;SANTO AMARO;SUL
33;05/05/2022;LESTE;VILA PRUDENTE;VILA ZELINA;SUBTERRANEO;RUA GRADAU ESQUINA COM RUA RUA TUJUPI;2022-05-09;EXCELENTE;POSSIVEL DE USO;-23.6001959508512;-46.5755237721912;0;2022-07-28;MOOCA;MOÓCA;CENTRO
62;05/05/2022;LESTE;VILA PRUDENTE;VILA ZELINA;SUBTERRANEO;RUA IBITIRAMA 2012;2022-05-09;EXCELENTE;POSSIVEL DE USO;-23.5969276902649;-46.5773115485728;0;2022-07-28;MOOCA;MOÓCA;CENTRO
101;05/05/2022;LESTE;VILA PRUDENTE;VILA ZELINA;SUBTERRANEO;RUA DAS GIESTAS 1063 ESQUINA COM RUA SANTO AMAZO;2022-05-11;EXCELENTE;POSSIVEL DE USO;-23.5959675219617;-46.5699667471112;0;2022-07-28;MOOCA;MOÓCA;CENTRO
165;05/05/2022;LESTE;VILA PRUDENTE;VILA ZELINA;SUBTERRANEO;RUA PARAMU 500 ESQUINA RUA FERNANDES SARDINHA;2022-05-11;EXCELENTE;POSSIVEL DE USO;-23.5957788280361;-46.5671687936972;0;2022-07-28;MOOCA;MOÓCA;CENTRO
239;05/05/2022;LESTE;VILA PRUDENTE;ORFANATO;SUBTERRANEO;RUA INACIO ESQUINA COM A RUA PROFESSOR GUSTAVO PIRES;2022-05-11;EXCELENTE;POSSIVEL DE USO;-23.5874782875247;-46.5781565435943;0;2022-07-28;MOOCA;MOÓCA;CENTRO
240;05/05/2022;LESTE;VILA PRUDENTE;ORFANATO;SUBTERRANEO;RUA PEDRO DE GODOI ESQUINA COM RUA FERREIRA DA SILVA;2022-04-29;EXCELENTE;POSSIVEL DE USO;-23.5876150077805;-46.5812966342087;0;2022-07-28;MOOCA;MOÓCA;CENTRO
241;05/05/2022;LESTE;VILA PRUDENTE;ORFANATO;SUBTERRANEO;RUA COELHO BARRADAS ESQUINA COM RUA AMERICO VESPUCCI;2022-04-29;EXCELENTE;POSSIVEL DE USO;-23.5849656437932;-46.5782298612925;0;2022-07-28;MOOCA;MOÓCA;CENTRO
675;05/05/2022;NORTE;TUCURUVI;PARADA INGLESA;SUBTERRANEO;RUA DONA CARMINA PASQUI ESQUINA COM A RUA AGUACERITA;2022-06-30;EXCELENTE;POSSIVEL DE USO;-23.4919538598647;-46.6056151720142;0;2022-07-28;SANTANA;SANTANA;NORTE
1026;05/05/2022;LESTE;ÁGUA RASA;REGENTE FEIJÓ;COLUNA;RUA OITI 325 DEFRONTE A RUA CAPITUBA;2021-12-12;FRACA;INOPERANTE;-23.561422032642;-46.5697898926048;1;2022-07-28;MOOCA;MOÓCA;CENTRO
1028;05/05/2022;LESTE;ÁGUA RASA;REGENTE FEIJÓ;COLUNA;AVENIDA SAPOPEMBA 330 PROXIMO A RUA IMBO;2022-02-17;MÉDIA;POSSIVEL DE USO;-23.5620401302432;-46.5741402083999;1;2022-07-28;MOOCA;MOÓCA;CENTRO
1342;05/05/2022;LESTE;ÁGUA RASA;REGENTE FEIJÓ;SUBTERRANEO;RUA PIRASSUNUNGA 418 DEFRONTE COM A RUA PADRE JOAQUIM DA SOLEDADE;2022-06-20;MÉDIA;POSSIVEL DE USO;-23.5607772067304;-46.5774014771181;0;2022-07-28;MOOCA;MOÓCA;CENTRO
1563;05/05/2022;LESTE;SÃO LUCAS;VILA EMA;SUBTERRANEO;RUA AIRES QUARESMA PROXIMO DA ESQUINA DA  RUA LAZARO MONCEF;2021-10-07;MÉDIA;POSSIVEL DE USO;-23.5897312281764;-46.5348688408162;0;2022-07-28;MOOCA;MOÓCA;CENTRO
1660;05/05/2022;LESTE;ÁGUA RASA;REGENTE FEIJÓ;SUBTERRANEO;RUA PANTOJO EM FRENTE A RUA BAGUACU;2022-03-01;SECO;INOPERANTE;-23.5572763393634;-46.5754777576159;0;2022-07-28;MOOCA;MOÓCA;CENTRO
1689;05/05/2022;LESTE;SAPOPEMBA;JARDIM COLORADO;SUBTERRANEO;AVENIDA VILA EMA 5523 ESQUINA COM A RUA SHINSEI KAMIDA;2021-12-14;FRACA;INOPERANTE;-23.5971627237994;-46.5304560456478;0;2022-07-28;MOOCA;MOÓCA;CENTRO
1738;05/05/2022;LESTE;ÁGUA RASA;ÁGUA RASA;SUBTERRANEO;RUA MONTESINA 210 PROXIMO A PRACA ADOLFO CAVALCANTI;2021-12-12;SECO;INOPERANTE;-23.5748386415783;-46.5697659021009;0;2022-07-28;MOOCA;MOÓCA;CENTRO
1868;05/05/2022;LESTE;SÃO LUCAS;LINHAS CORRENTE;SUBTERRANEO;RUA OTTO SCHUBART ESQUINA COM RUA PADRE BRUNO RICCO;2022-05-23;EXCELENTE;POSSIVEL DE USO;-23.5943633335168;-46.5485050455355;0;2022-07-28;MOOCA;MOÓCA;CENTRO
3072;05/05/2022;LESTE;VILA PRUDENTE;VILA ZELINA;SUBTERRANEO;RUA PITINGA ESUQINA COM A RUA DAS GIESTAS;2022-02-19;EXCELENTE;POSSIVEL DE USO;-23.5962656348717;-46.5738230355352;0;2022-07-28;MOOCA;MOÓCA;CENTRO
3134;05/05/2022;LESTE;ÁGUA RASA;VILA BERTIOGA;SUBTERRANEO;RUA TORIBA ESQUINA COM A RUA PIRAJA;2021-12-14;EXCELENTE;POSSIVEL DE USO;-23.5679700940899;-46.5702525257791;0;2022-07-28;MOOCA;MOÓCA;CENTRO
3150;05/05/2022;LESTE;SÃO LUCAS;PARQUE SÃO LUCAS;COLUNA;RUA IELMO MARINHO ESQUINA COM AVENIDA SAO LUCAS;2022-05-23;FRACA;INOPERANTE;-23.5972509309022;-46.549778356551;1;2022-07-28;MOOCA;MOÓCA;CENTRO
3207;05/05/2022;LESTE;ÁGUA RASA;REGENTE FEIJÓ;SUBTERRANEO;RUA TIE ESQUINA COM A RUA DO ACRE;2022-06-20;MÉDIA;POSSIVEL DE USO;-23.5583464285654;-46.5805897325579;0;2022-07-28;MOOCA;MOÓCA;CENTRO
3216;05/05/2022;LESTE;ÁGUA RASA;REGENTE FEIJÓ;SUBTERRANEO;RUA SERRA NEGRA ESQUINA COM AVENIDA SALIM FARAH MALUF;2022-04-15;SECO;INOPERANTE;-23.552263581656;-46.5779466951936;0;2022-07-28;MOOCA;MOÓCA;CENTRO
3239;05/05/2022;LESTE;ÁGUA RASA;VILA BERTIOGA;SUBTERRANEO;RUA MANUAS ESQUINA COM A RUA NATAL;2022-06-27;EXCELENTE;POSSIVEL DE USO;-23.5645876103904;-46.5823529496185;0;2022-07-28;MOOCA;MOÓCA;CENTRO
3240;05/05/2022;LESTE;ÁGUA RASA;VILA BERTIOGA;COLUNA;RUA DA MOOCA PROXIMO A ESQUINA COM A RUA AVAI;2022-05-07;EXCELENTE;POSSIVEL DE USO;-23.562142549168;-46.579835888396;0;2022-07-28;MOOCA;MOÓCA;CENTRO
3330;05/05/2022;LESTE;VILA FORMOSA;JARDIM ANÁLIA FRANCO;COLUNA;RUA ELEONORA CINTRA ESQUINA COM RUA ANTONIO CARLOS LUIZ FILHO;2022-01-17;EXCELENTE;POSSIVEL DE USO;-23.5607116251819;-46.5583378590446;0;2022-07-28;MOOCA;MOÓCA;CENTRO
4305;05/05/2022;LESTE;ÁGUA RASA;REGENTE FEIJÓ;SUBTERRANEO;AVENIDA SALIM FARAH MALUF ESQUINA COM A RUA SILVA;2022-04-15;FRACA;INOPERANTE;-23.5505729869672;-46.5786508490955;0;2022-07-28;MOOCA;MOÓCA;CENTRO
4438;05/05/2022;SUL;SAÚDE;MIRANDÓPOLIS;SUBTERRANEO;RUA LUIS GOIS ESQUINA COM A PRACA MICHIE AKAMA;2022-06-25;EXCELENTE;POSSIVEL DE USO;-23.6040035729685;-46.6370979276296;0;2022-07-28;LAPA;JARDINS;CENTRO
5248;05/05/2022;NORTE;VILA GUILHERME;VILA ISOLINA MAZZEI;SUBTERRANEO;RUA QUEDAS ESQUINA COM A RUA MANAJERU;2021-11-29;MÉDIA;POSSIVEL DE USO;-23.4944993029913;-46.6069730911561;0;2022-07-28;VILA MARIA;SANTANA;NORTE
6748;05/05/2022;OESTE;VILA LEOPOLDINA;CEASA;COLUNA;NO INTERIOR DO CEAGESP NA CALCADA DO PAVILHAO AME;2021-12-29;EXCELENTE;POSSIVEL DE USO;-23.5376503990973;-46.7344149717731;0;2022-07-28;LAPA;JARDINS;CENTRO
6757;05/05/2022;OESTE;VILA LEOPOLDINA;CEASA;COLUNA;NO INTERIOR DO CEAGESP NA CALCADA DO PAVILHAO AMF;2021-12-19;EXCELENTE;POSSIVEL DE USO;-23.5384318769374;-46.7346539966585;0;2022-07-28;LAPA;JARDINS;CENTRO
6758;05/05/2022;OESTE;VILA LEOPOLDINA;CEASA;COLUNA;NO INTERIOR DO CEAGESP NA CALCADA DO PAVILHAO AMF;2021-12-19;EXCELENTE;POSSIVEL DE USO;-23.538168428602;-46.7339088306732;0;2022-07-28;LAPA;JARDINS;CENTRO
6760;05/05/2022;OESTE;VILA LEOPOLDINA;CEASA;COLUNA;NO INTERIOR DO CEAGESP NA CALCADA DO PAVILHAO LEA LOJAS ESCRITORIOS E ADMINISTRACAO AO LADO ESTACIONAMENTO;2022-03-13;EXCELENTE;POSSIVEL DE USO;-23.5334190996058;-46.73625999;0;2022-07-28;LAPA;JARDINS;CENTRO
6761;05/05/2022;OESTE;VILA LEOPOLDINA;CEASA;COLUNA;NO INTERIOR DO CEAGESP NA CALCADA DO PAVILHAO HFH;2021-12-19;EXCELENTE;POSSIVEL DE USO;-23.5347844089448;-46.7396962323378;0;2022-07-28;LAPA;JARDINS;CENTRO
6765;05/05/2022;OESTE;VILA LEOPOLDINA;CEASA;COLUNA;NO INTERIOR DO CEAGESP NA CALCADA DO PAVILHAO HFI;2021-12-19;SECO;INOPERANTE;-23.5355969896057;-46.7389515;0;2022-07-28;LAPA;JARDINS;CENTRO
16310;05/05/2022;OESTE;VILA LEOPOLDINA;CEASA;COLUNA;NO INTERIOR DO CEAGESP NO ENTORNO DO PREDIO LEA LOJAS ESCRITORIOS E ADMINISTRACAO;2022-07-13;EXCELENTE;POSSIVEL DE USO;-23.5339676540513;-46.7357741647046;0;2022-07-28;LAPA;JARDINS;CENTRO
154;06/05/2022;SUL;IPIRANGA;SACOMÃ;SUBTERRANEO;RUA DO MANIFESTO ESQUINA COM A RUA LABATUT;2022-03-02;FRACA;POSSIVEL DE USO;-23.5937931576319;-46.5999784197305;0;2022-07-28;SÉ;IPIRANGA;CENTRO
988;06/05/2022;LESTE;SAPOPEMBA;TEOTÔNIO VILELA;COLUNA;RUA GENERAL PORFIRIO DA PAZ ESQUINA COM A RUA DIVINOLANDIA DE MINAS;2021-12-14;EXCELENTE;POSSIVEL DE USO;-23.5928904878283;-46.5197803190184;1;2022-07-28;SÃO MATEUS;SÃO MATEUS;CENTRO
1032;06/05/2022;LESTE;CARRÃO;VILA CALIFÓRNIA;COLUNA;AVENIDA CONSELHEIRO CARRAO ESQUINA COM A RUA DOUTOR JORGE VEIGA;2022-05-20;MÉDIA;POSSIVEL DE USO;-23.5479961169895;-46.5392530475605;1;2022-07-28;MOOCA;MOÓCA;CENTRO
1487;06/05/2022;LESTE;CARRÃO;VILA CARRÃO;SUBTERRANEO;RUA FIRMINO BRAGA ESQUINA COM A RUA FRANCISCA DE PAULA;2022-05-21;MÉDIA;POSSIVEL DE USO;-23.561729275619;-46.5324739728119;0;2022-07-28;MOOCA;MOÓCA;CENTRO
1685;06/05/2022;LESTE;CARRÃO;VILA CARRÃO;SUBTERRANEO;RUA FRANCISCA DE PAULA PROXIMO A ESQUINA COM A RUA VITORINO ROCHI;2022-04-22;MÉDIA;POSSIVEL DE USO;-23.5580940386554;-46.5304890548756;0;2022-07-28;MOOCA;MOÓCA;CENTRO
1780;06/05/2022;LESTE;CARRÃO;VILA CARRÃO;SUBTERRANEO;RUA RENATO RINALDI ESQUINA COM A RUA WINFRED;2021-12-13;MÉDIA;POSSIVEL DE USO;-23.551080261746;-46.5397425018435;0;2022-07-28;MOOCA;MOÓCA;CENTRO
1872;06/05/2022;SUL;IPIRANGA;IPIRANGA;SUBTERRANEO;RUA DO MANIFESTO 1246 DEFRONTE A RUA XAVIER CURADO;2022-05-31;SECO;INOPERANTE;-23.5842839631103;-46.600615772322;0;2022-07-28;SÉ;IPIRANGA;CENTRO
2979;06/05/2022;LESTE;ARICANDUVA;ARICANDUVA;COLUNA;AVENIDA DOS NACIONALISTAS ESQUINA COM A AVENIDA INCONFIDENCIA MINEIRA;2021-10-07;MÉDIA;POSSIVEL DE USO;-23.5768800160016;-46.5162718348427;0;2022-07-28;MOOCA;MOÓCA;CENTRO
3272;06/05/2022;LESTE;SÃO LUCAS;VILA EMA;SUBTERRANEO;RUA SOLIDONIO LEITE ESQUINA COM A AVENIDA SAPOPEMBA;2021-12-08;EXCELENTE;POSSIVEL DE USO;-23.5877520904858;-46.5325453409904;0;2022-07-28;MOOCA;MOÓCA;CENTRO
6762;06/05/2022;OESTE;VILA LEOPOLDINA;CEASA;COLUNA;NO INTERIOR DO CEAGESP NA CALCADA DO PAVILHAO HFJ;2021-12-19;EXCELENTE;POSSIVEL DE USO;-23.5353997472802;-46.7404584466707;0;2022-07-28;LAPA;JARDINS;CENTRO
6767;06/05/2022;OESTE;VILA LEOPOLDINA;CEASA;COLUNA;NO INTERIOR DO CEAGESP DEFRONTE AO PAVILHAO MLP LADO SUL MARGINAL;2021-12-27;EXCELENTE;POSSIVEL DE USO;-23.5384254409276;-46.7397369103305;0;2022-07-28;LAPA;JARDINS;CENTRO
403;09/05/2022;SUL;SANTO AMARO;CHÁCARA FLORA;SUBTERRANEO;RUA PERICLES ESQUINA COM A AVENIDA PROFESSOR VICENTE RAO;2022-04-05;EXCELENTE;POSSIVEL DE USO;-23.6300539445975;-46.6846048507167;0;2022-07-28;SANTO AMARO;SANTO AMARO;SUL
407;09/05/2022;SUL;JABAQUARA;JARDIM BOM CLIMA;SUBTERRANEO;RUA CORONEL LUIZ DE FARIA E SOUZA ESQUINA COM RUA VALTER PINTO;2022-05-24;SECO;INOPERANTE;-23.6524297427586;-46.638916052753;0;2022-07-28;SANTO AMARO;SANTO AMARO;SUL
1602;09/05/2022;LESTE;PENHA;VILA ESPERANÇA;SUBTERRANEO;RUA ALCACER ESQUINA COM A RUA SERRA DO PRATA;2022-06-02;SECO;INOPERANTE;-23.5267541575806;-46.5143559617387;0;2022-07-28;ARTHUR ALVIM;ITAQUERA;LESTE
1605;09/05/2022;LESTE;VILA MATILDE;CIDADE PATRIARCA;SUBTERRANEO;RUA JANDAIA DO SUL ESQUINA COM A RUA NOVA AURORA;2022-04-26;FRACA;INOPERANTE;-23.530414755087;-46.5141525494118;0;2022-07-28;ARTHUR ALVIM;ITAQUERA;LESTE
1707;09/05/2022;LESTE;VILA MATILDE;CIDADE PATRIARCA;SUBTERRANEO;RUA SABAUDIA ESQUINA COM  RUA CAICO;2022-02-20;EXCELENTE;POSSIVEL DE USO;-23.5348178875252;-46.5037917446327;0;2022-07-28;ARTHUR ALVIM;ITAQUERA;LESTE
2052;09/05/2022;LESTE;ITAQUERA;ITAQUERA;SUBTERRANEO;RUA COLONIAL DAS MISSOES PROXIMO A RUA BAIXADA SANTISTA;2022-07-18;EXCELENTE;POSSIVEL DE USO;-23.5425082186981;-46.4524818222296;0;2022-07-28;ITAQUERA;ITAQUERA;LESTE
2348;09/05/2022;SUL;SANTO AMARO;CHÁCARA FLORA;SUBTERRANEO;RUA PROFESSORA LUCINDA ALVES DE CARVALHO ESQUINA COM RUA VISCONDE PORTO SEGURO;2022-04-05;EXCELENTE;POSSIVEL DE USO;-23.644547768944;-46.6880949184257;0;2022-07-28;SANTO AMARO;SANTO AMARO;SUL
2354;09/05/2022;SUL;CAMPO GRANDE;JURUBATUBA;SUBTERRANEO;RUA IGATI PROXIMO A RUA ANDAQUARA;2022-07-02;SECO;INOPERANTE;-23.6645960162755;-46.6940235551705;0;2022-07-28;SANTO AMARO;SANTO AMARO;SUL
2356;09/05/2022;SUL;SANTO AMARO;GRANJA JULIETA;SUBTERRANEO;RUA VICTOR CORREA DE MELLO 41;2022-04-19;EXCELENTE;POSSIVEL DE USO;-23.631777022246;-46.6932667883992;0;2022-07-28;SANTO AMARO;SANTO AMARO;SUL
2361;09/05/2022;SUL;SANTO AMARO;GRANJA JULIETA;COLUNA;AVENIDA SANTO AMARO ESQUINA COM RUA SAO SEBASTIAO;2022-07-12;SECO;INOPERANTE;-23.6316948307513;-46.6916795152565;1;2022-07-28;SANTO AMARO;SANTO AMARO;SUL
2388;09/05/2022;SUL;CAMPO GRANDE;VILA SÃO PEDRO;COLUNA;AVENIDA NOSSA SENHORA DO SABARA ESQUINA COM AVENIDA INTERLAGOS;2022-02-23;FRACA;POSSIVEL DE USO;-23.6783464253409;-46.684752684036;1;2022-07-28;SANTO AMARO;SANTO AMARO;SUL
3288;09/05/2022;LESTE;CARRÃO;VILA CARRÃO;SUBTERRANEO;RUA LUIS PINTO ESQUINA COM A RUA JOAO VIEIRA PRIOSTE;2021-12-16;SECO;INOPERANTE;-23.5539003808818;-46.5364281565073;0;2022-07-28;MOOCA;MOÓCA;CENTRO
3300;09/05/2022;LESTE;CARRÃO;VILA CARRÃO;SUBTERRANEO;RUA VOLTA GRANDER ESQUINA COM A RUA SALOME QUEIROGA;2022-05-21;SECO;INOPERANTE;-23.5586665645294;-46.5331125358824;0;2022-07-28;MOOCA;MOÓCA;CENTRO
3301;09/05/2022;LESTE;CARRÃO;VILA CARRÃO;SUBTERRANEO;RUA MONGUBA ESQUINA COM RUA MARIA INACIA DA CONCEICAO;2022-05-21;SECO;INOPERANTE;-23.559579001998;-46.5287772204646;0;2022-07-28;MOOCA;MOÓCA;CENTRO
3332;09/05/2022;LESTE;VILA FORMOSA;VILA FORMOSA;SUBTERRANEO;RUA ALEXANDRE CORREA ESQUINA COM A RUA NOSSA SENHORA DAS DORES;2021-12-10;MÉDIA;POSSIVEL DE USO;-23.5692446817207;-46.5349670031155;0;2022-07-28;MOOCA;MOÓCA;CENTRO
3344;09/05/2022;LESTE;ITAQUERA;PARADA XV;SUBTERRANEO;RUA RIO CANABRAVA ESQUINA COM A RUA RIO IMBURANA;2022-05-17;SECO;INOPERANTE;-23.5443933190935;-46.4443700570681;1;2022-07-28;ITAQUERA;ITAQUERA;LESTE
3368;09/05/2022;LESTE;ITAQUERA;PARADA XV;COLUNA;AVENIDA DAVID DOMINGUES FERREIRA ESQUINA COM RUA SABBADO DANGELO;2022-05-16;EXCELENTE;POSSIVEL DE USO;-23.5337908439021;-46.4517144394753;1;2022-07-28;ITAQUERA;ITAQUERA;LESTE
3382;09/05/2022;LESTE;ITAQUERA;PARQUE GUARANI;COLUNA;RUA ARREIO DE PRATA PROX A RUA CORRE CORRE;2022-05-12;EXCELENTE;POSSIVEL DE USO;-23.5263114713712;-46.4594430728494;0;2022-07-28;ITAQUERA;ITAQUERA;LESTE
3383;09/05/2022;LESTE;JOSÉ BONIFÁCIO;JOSÉ BONIFÁCIO;COLUNA;RUA SILVIO BARBINI ESQUINA COM RUA ARMANDO JAMAR;2022-05-21;MÉDIA;POSSIVEL DE USO;-23.5404606881773;-46.4380491101145;1;2022-07-28;ITAQUERA;ITAQUERA;LESTE
3388;09/05/2022;LESTE;ITAQUERA;RIO VERDE;SUBTERRANEO;RUA HENRIQUE DE FARIA PROXIMO A ESQUINA COM ARUA AMALIA DE FARIA;2022-05-26;MÉDIA;POSSIVEL DE USO;-23.5242310789655;-46.452218710497;0;2022-07-28;ITAQUERA;ITAQUERA;LESTE
3406;09/05/2022;LESTE;ITAQUERA;PARQUE GUARANI;COLUNA;RUA MONSUETO CAMPOS DE MENESES PROXIMO DA ESQUINA COM A A AVENIDA ANDRE CAVALCANTI;2022-05-12;EXCELENTE;POSSIVEL DE USO;-23.5280253866769;-46.4599901780048;1;2022-07-28;ITAQUERA;ITAQUERA;LESTE
3425;09/05/2022;LESTE;ITAQUERA;VILA CAMPANELA;SUBTERRANEO;RUA NOVA PETROPOLIS ESQUINA COM A RUA EMIDIO CAMPANELA;2022-05-12;SECO;INOPERANTE;-23.5371685380552;-46.4600350000325;0;2022-07-28;ITAQUERA;ITAQUERA;LESTE
3846;09/05/2022;SUL;SANTO AMARO;CHÁCARA FLORA;SUBTERRANEO;RUA DA FRATERNIDADE ESQUINA COM A RUA CONDE D EU;2022-07-03;EXCELENTE;POSSIVEL DE USO;-23.644249317302;-46.6935048805277;0;2022-07-28;SANTO AMARO;SANTO AMARO;SUL
4037;09/05/2022;SUL;SANTO AMARO;GRANJA JULIETA;SUBTERRANEO;RUA DA PAZ ESQUINA COM A RUA PAES DA SILVA;2022-07-12;EXCELENTE;POSSIVEL DE USO;-23.6285148938105;-46.7037966666231;0;2022-07-28;SANTO AMARO;SANTO AMARO;SUL
4313;09/05/2022;LESTE;ITAQUERA;PARADA XV;SUBTERRANEO;RUA PROFESSOR LEONIDIO ALLEGRETTI ESQUINA COM A RUA JOSE OITICICA FILHO;2022-05-19;MÉDIA;POSSIVEL DE USO;-23.5335180074408;-46.4451781128658;0;2022-07-28;ITAQUERA;ITAQUERA;LESTE
4391;09/05/2022;SUL;SANTO AMARO;GRANJA JULIETA;SUBTERRANEO;RUA BENTO BARBOSA ESQUINA COM A RUA ANTONIO DSA CHAGAS;2022-02-16;EXCELENTE;POSSIVEL DE USO;-23.6313904388055;-46.7001999273654;0;2022-07-28;SANTO AMARO;SANTO AMARO;SUL
72;10/05/2022;LESTE;BRÁS;GASÔMETRO;SUBTERRANEO;RUA BENJAMIM DE OLIVEIRA ESQUINA COM A RUA DAS ALFANDEGAS;2021-10-15;FRACA;POSSIVEL DE USO;-23.5410666564613;-46.6246919756929;0;2022-07-28;SÉ;IPIRANGA;CENTRO
117;10/05/2022;SUL;IPIRANGA;ALTO DO IPIRANGA;SUBTERRANEO;RUA FLORANIA ESQUINA COM RUA FLORIANA;2022-04-06;SECO;INOPERANTE;-23.6074980283253;-46.6083275309531;0;2022-07-28;SÉ;IPIRANGA;CENTRO
149;10/05/2022;SUL;IPIRANGA;ALTO DO IPIRANGA;SUBTERRANEO;RUA MURIAE ESQUINA COM RUA SALVADOR SIMOES;2022-03-18;MÉDIA;POSSIVEL DE USO;-23.6048395463324;-46.6135494214475;0;2022-07-28;SÉ;IPIRANGA;CENTRO
298;10/05/2022;SUL;SACOMÃ;MOINHO VELHO;SUBTERRANEO;RUA LARANJAL ESQUINA COM A RUA IZONZO;2022-05-17;EXCELENTE;POSSIVEL DE USO;-23.6220253812432;-46.5991781842912;0;2022-07-28;SÉ;IPIRANGA;CENTRO
308;10/05/2022;SUL;CAMPO BELO;JARDIM AEROPORTO;SUBTERRANEO;AVENIDA SANTA CATARINA ESQUINA COM A RUA ITAGYBA SANTIAGO;2022-05-26;EXCELENTE;POSSIVEL DE USO;-23.6394666133943;-46.6689632846943;0;2022-07-28;SANTO AMARO;SANTO AMARO;SUL
316;10/05/2022;SUL;SAÚDE;MIRANDÓPOLIS;COLUNA;AVENIDA ONZE DE JUNHO ESQUINA COM RUA DOMINGOS DE MORAIS;2022-06-07;EXCELENTE;POSSIVEL DE USO;-23.6016313444015;-46.636927552668;1;2022-07-28;LAPA;JARDINS;CENTRO
337;10/05/2022;SUL;CAMPO BELO;JARDIM AEROPORTO;SUBTERRANEO;RUA RODES ESQUINA COM A RUA SANTA CATARINA;2022-05-26;MÉDIA;POSSIVEL DE USO;-23.6419572743342;-46.6664944489529;0;2022-07-28;SANTO AMARO;SANTO AMARO;SUL
353;10/05/2022;SUL;CAMPO BELO;JOAQUIM NABUCO;SUBTERRANEO;RUA VICENTE LEPORACE ESQUINA COM A RUA LAPLACE;2022-03-24;MÉDIA;POSSIVEL DE USO;-23.6319092830066;-46.6765070262972;0;2022-07-28;SANTO AMARO;SANTO AMARO;SUL
430;10/05/2022;SUL;CAMPO BELO;JOAQUIM NABUCO;SUBTERRANEO;RUA LAPLACE ESQUINA COM A RUA PALMARES;2022-03-24;MÉDIA;POSSIVEL DE USO;-23.6350739837141;-46.672482254717;0;2022-07-28;SANTO AMARO;SANTO AMARO;SUL
435;10/05/2022;SUL;JABAQUARA;VILA SANTA CATARINA;SUBTERRANEO;AVENIDA DASMASCENO VIEIRA ESQUINA COM A AV DAMACENO VIEIRA;2022-05-24;EXCELENTE;POSSIVEL DE USO;-23.6458314076899;-46.6635460965335;0;2022-07-28;SANTO AMARO;SANTO AMARO;SUL
440;10/05/2022;SUL;JABAQUARA;CIDADE VARGAS;SUBTERRANEO;RUA CHARRUAS ESQUINA COM RUA GETULIO VARGAS FILHO;2022-05-24;EXCELENTE;POSSIVEL DE USO;-23.645056456839;-46.636237137638;0;2022-07-28;SANTO AMARO;SANTO AMARO;SUL
457;10/05/2022;SUL;SACOMÃ;MOINHO VELHO;SUBTERRANEO;RUA NOSSA SENHORA DAS MERCES ESQUINA COM RUA DOM VILARES;2022-05-12;EXCELENTE;POSSIVEL DE USO;-23.6244442112119;-46.607052742559;0;2022-07-28;SÉ;IPIRANGA;CENTRO
459;10/05/2022;SUL;JABAQUARA;JABAQUARA;SUBTERRANEO;AVENIDA ENGENHEIRO ARMANDO ARRUDA PEREIRA  ESQUINA COM A RUA JOSE ALCANTARA;2022-06-07;EXCELENTE;POSSIVEL DE USO;-23.6493864199471;-46.6402749949143;0;2022-07-28;SANTO AMARO;SANTO AMARO;SUL
464;10/05/2022;SUL;CIDADE ADEMAR;JARDIM MIRIAM;SUBTERRANEO;RUA JOSE EID MALUF ESQUINA COM A RUA ANTONIO LOTI;2022-06-06;MÉDIA;POSSIVEL DE USO;-23.6738681106915;-46.6559770321423;0;2022-07-28;SANTO AMARO;SANTO AMARO;SUL
482;10/05/2022;SUL;SACOMÃ;MOINHO VELHO;SUBTERRANEO;ALAMEDA ITUPIRANGA ESQUINA COM RUA CORONEL DE ANDRADE JOSE PIRES DE ANDRADE;2022-07-07;MÉDIA;POSSIVEL DE USO;-23.6197118048137;-46.606133311012;0;2022-07-28;SÉ;IPIRANGA;CENTRO
2486;10/05/2022;SUL;CIDADE ADEMAR;CUPECÊ;SUBTERRANEO;RUA MARIA PAES DE BARROS ESQUINA DA RUA FREI JOAO DO ROSARIO;2022-07-03;EXCELENTE;POSSIVEL DE USO;-23.6698599131064;-46.6636336471846;0;2022-07-28;SANTO AMARO;SANTO AMARO;SUL
3244;10/05/2022;LESTE;ARICANDUVA;ARICANDUVA;SUBTERRANEO;AVENIDA MONSENHOR ANTONIO CASTRO ESQUINA COM A RUA VISCONDE DE JERUMIN;2022-04-09;EXCELENTE;POSSIVEL DE USO;-23.5713452452386;-46.5271516642557;1;2022-07-28;MOOCA;MOÓCA;CENTRO
3603;10/05/2022;SUL;CURSINO;JARDIM DA SAÚDE;COLUNA;PRACA MARCOS FABIO ESQUINA COM A RUA RIBEIRO LACERDA;2021-12-22;EXCELENTE;POSSIVEL DE USO;-23.6187079577402;-46.6265267750469;1;2022-07-28;SÉ;IPIRANGA;CENTRO
3617;10/05/2022;SUL;SAÚDE;MIRANDÓPOLIS;SUBTERRANEO;RUA PRIMEIRO DE JANEIRO ESQUINA COM AVENIDA ONZE DE JUNHO;2022-07-04;EXCELENTE;POSSIVEL DE USO;-23.6016044473993;-46.6398406835965;0;2022-07-28;LAPA;JARDINS;CENTRO
3753;10/05/2022;SUL;CAMPO BELO;JARDIM AEROPORTO;SUBTERRANEO;RUA MARATONA ESQUINA COM A RUA PALACETE DAS AGUIAS;2022-05-20;MÉDIA;POSSIVEL DE USO;-23.6412129728502;-46.6694153497827;0;2022-07-28;SANTO AMARO;SANTO AMARO;SUL
3756;10/05/2022;SUL;JABAQUARA;VILA SANTA CATARINA;SUBTERRANEO;RUA DORNAS ESQUINA COM A RUA CIRIDIAO DURVAL;2022-05-26;EXCELENTE;POSSIVEL DE USO;-23.6419529227271;-46.6636884218936;0;2022-07-28;SANTO AMARO;SANTO AMARO;SUL
3757;10/05/2022;SUL;JABAQUARA;VILA SANTA CATARINA;COLUNA;RUA PROFESSOR EMYDIO DA FONSECA TELLES PROXIMO A RUA ALBA;2022-05-20;EXCELENTE;POSSIVEL DE USO;-23.6447674430321;-46.6587243644391;0;2022-07-28;SANTO AMARO;SANTO AMARO;SUL
3763;10/05/2022;SUL;CAMPO BELO;JARDIM AEROPORTO;SUBTERRANEO;RUA FREIRE FARTO ESQUINA COM A RUA ORLANDO MURGEL;2022-05-25;EXCELENTE;POSSIVEL DE USO;-23.6386472557631;-46.6512857694364;1;2022-07-28;SANTO AMARO;SANTO AMARO;SUL
3765;10/05/2022;SUL;CAMPO BELO;JARDIM AEROPORTO;SUBTERRANEO;AVENIDA PEDRO BUENO ESQUINA COM A RUA DESEMBARGADOR ALIPIO BASTOS;2022-05-20;EXCELENTE;POSSIVEL DE USO;-23.6361403847196;-46.6504605586492;0;2022-07-28;SANTO AMARO;SANTO AMARO;SUL
3840;10/05/2022;SUL;JABAQUARA;CIDADE VARGAS;SUBTERRANEO;RUA LASSUNVIRA  27 DEFRONTE A PRACA JUAN GRIS;2022-05-20;EXCELENTE;POSSIVEL DE USO;-23.639268762797;-46.6370865961563;0;2022-07-28;SANTO AMARO;SANTO AMARO;SUL
3848;10/05/2022;SUL;JABAQUARA;JABAQUARA;SUBTERRANEO;RUA WILSON PEREIRA DE ALMEIDA ESQUINA COM A RUA TACIBA;2022-05-19;EXCELENTE;POSSIVEL DE USO;-23.6417915535884;-46.656099136643;0;2022-07-28;SANTO AMARO;SANTO AMARO;SUL
3852;10/05/2022;SUL;JABAQUARA;JABAQUARA;SUBTERRANEO;RUA TENENTE UBIRAJARA MONORY ENTROCAMENTEO COM A RUA TENENTE MAURO DE MIRANDA;2022-05-19;FRACA;POSSIVEL DE USO;-23.6368814041361;-46.6418935796317;0;2022-07-28;SANTO AMARO;SANTO AMARO;SUL
3867;10/05/2022;SUL;CAMPO BELO;JOAQUIM NABUCO;SUBTERRANEO;RUA TIBIRICA ESQUINA COM A RUA TOME PORTES;2022-03-24;MÉDIA;POSSIVEL DE USO;-23.6359279984982;-46.6761504549279;0;2022-07-28;SANTO AMARO;SANTO AMARO;SUL
3874;10/05/2022;SUL;CAMPO BELO;JOAQUIM NABUCO;SUBTERRANEO;RUA PALMARES ESQUINA COM RUA TOME FORTES;2022-03-24;EXCELENTE;POSSIVEL DE USO;-23.6370725931373;-46.674247536461;0;2022-07-28;SANTO AMARO;SANTO AMARO;SUL
3875;10/05/2022;SUL;CAMPO BELO;JARDIM AEROPORTO;SUBTERRANEO;AVENIDA JONIA ESQUINA COM A RUA DOUTOR ABELARDO VERGUEIRO CESAR;2022-05-25;EXCELENTE;POSSIVEL DE USO;-23.6369883415895;-46.6696734927552;0;2022-07-28;SANTO AMARO;SANTO AMARO;SUL
57;11/05/2022;LESTE;BRÁS;GASÔMETRO;SUBTERRANEO;RUA BENJAMIM DE OLIVEIRA ESQUINA COM A RUA DO LUCAS;2022-03-09;SECO;INOPERANTE;-23.5415155846063;-46.6254786843515;0;2022-07-28;SÉ;IPIRANGA;CENTRO